Ref,Val,Package,PosX,PosY,Rot,Side
"C1","10uF/25V","C_0805_2012Metric",57.900000,-25.500000,90.000000,top
"C2","10uF/25V","C_0805_2012Metric",67.700000,-25.500000,-90.000000,top
"C3","10uF/25V","C_0805_2012Metric",64.500000,-28.700000,0.000000,top
"C4","1uF/50V","C_0603_1608Metric",53.000000,-89.000000,90.000000,top
"C5","10uF/25V","C_0805_2012Metric",50.000000,-97.500000,90.000000,top
"C6","100nF","C_0603_1608Metric",50.000000,-101.000000,90.000000,top
"C7","100nF","C_0603_1608Metric",20.000000,-45.000000,90.000000,top
"C8","10uF/25V","C_0805_2012Metric",20.000000,-48.500000,90.000000,top
"C9","100nF","C_0603_1608Metric",17.000000,-48.000000,0.000000,top
"C10","100nF","C_0603_1608Metric",20.000000,-53.500000,90.000000,top
"C11","10uF/25V","C_0805_2012Metric",23.500000,-54.000000,90.000000,top
"C12","100nF","C_0603_1608Metric",23.500000,-57.000000,0.000000,top
"C13","100nF","C_0603_1608Metric",66.000000,-45.000000,90.000000,top
"C14","10uF/25V","C_0805_2012Metric",66.000000,-48.500000,90.000000,top
"C15","100nF","C_0603_1608Metric",63.000000,-48.000000,0.000000,top
"C16","100nF","C_0603_1608Metric",14.000000,-41.500000,0.000000,top
"C17","100nF","C_0603_1608Metric",24.000000,-63.000000,0.000000,top
"C18","100nF","C_0603_1608Metric",60.000000,-41.500000,0.000000,top
"C19","1uF/50V","C_0603_1608Metric",47.000000,-46.000000,90.000000,top
"C20","1uF/50V","C_0603_1608Metric",54.000000,-46.000000,90.000000,top
"C21","1uF/50V","C_0603_1608Metric",50.500000,-49.500000,180.000000,top
"C22","100nF","C_0603_1608Metric",53.700000,-21.800000,90.000000,top
"C23","10uF/25V","C_0805_2012Metric",59.650000,-29.200000,180.000000,top
"C24","1uF/50V","C_0603_1608Metric",20.950000,-22.750000,-90.000000,top
"C25","10nF","C_0603_1608Metric",24.250000,-29.250000,90.000000,top
"C26","10nF","C_0603_1608Metric",63.500000,-60.250000,0.000000,top
"C27","1uF/50V","C_0603_1608Metric",58.000000,-103.000000,0.000000,top
"C28","100nF","C_0603_1608Metric",61.500000,-101.000000,90.000000,top
"C29","100nF","C_0603_1608Metric",16.000000,-85.400000,180.000000,top
"C30","100nF","C_0603_1608Metric",16.000000,-93.000000,0.000000,top
"C31","100nF","C_0603_1608Metric",53.500000,-91.500000,0.000000,top
"C32","100nF","C_0603_1608Metric",21.750000,-44.750000,90.000000,top
"C33","100nF","C_0603_1608Metric",49.000000,-42.500000,0.000000,top
"C34","100nF","C_0603_1608Metric",29.750000,-35.250000,0.000000,top
"C35","100nF","C_0603_1608Metric",53.000000,-41.000000,90.000000,top
"C36","100nF","C_0603_1608Metric",54.000000,-49.000000,0.000000,top
"C37","10uF/25V","C_0805_2012Metric",13.000000,-65.500000,0.000000,top
"C38","10uF/25V","C_0805_2012Metric",17.000000,-65.500000,0.000000,top
"C39","10uF/25V","C_0805_2012Metric",21.000000,-65.500000,0.000000,top
"C40","10uF/25V","C_0805_2012Metric",60.200000,-59.900000,0.000000,top
"C53","100nF","C_0603_1608Metric",47.250000,-53.000000,0.000000,top
"C55","100nF","C_0603_1608Metric",32.250000,-40.000000,180.000000,top
"C63","1uF/50V","C_0603_1608Metric",20.000000,-40.500000,90.000000,top
"C64","100nF","C_0603_1608Metric",23.000000,-34.750000,90.000000,top
"C70","100nF","C_0603_1608Metric",47.250000,-83.750000,90.000000,top
"C71","2.2uF/10V","C_0603_1608Metric",49.000000,-85.250000,90.000000,top
"C72","10nF","C_0603_1608Metric",41.750000,-83.750000,90.000000,top
"C73","10uF/25V","C_0805_2012Metric",47.500000,-22.000000,0.000000,top
"C74","10uF/25V","C_0805_2012Metric",51.250000,-22.000000,0.000000,top
"C75","100nF","C_0603_1608Metric",62.000000,-17.250000,0.000000,top
"C76","100nF","C_0603_1608Metric",44.250000,-26.250000,90.000000,top
"C77","10uF/25V","C_0805_2012Metric",27.750000,-76.000000,0.000000,top
"C78","10uF/25V","C_0805_2012Metric",29.250000,-68.000000,0.000000,top
"C79","1nF/50V","C_0603_1608Metric",27.500000,-78.000000,0.000000,top
"C80","100nF","C_0603_1608Metric",36.800000,-52.600000,0.000000,top
"C81","2.2uF/10V","C_0603_1608Metric",29.250000,-70.250000,0.000000,top
"C82","2.2uF/10V","C_0603_1608Metric",26.500000,-68.500000,90.000000,top
"C83","100nF","C_0603_1608Metric",48.800000,-72.820000,0.000000,top
"C84","4.7uF/10V","C_0603_1608Metric",48.800000,-76.400000,0.000000,top
"C85","100nF","C_0603_1608Metric",48.800000,-74.600000,0.000000,top
"C86","100nF","C_0603_1608Metric",48.800000,-71.040000,0.000000,top
"C87","100nF","C_0603_1608Metric",46.500000,-54.800000,0.000000,top
"C88","10uF/25V","C_0805_2012Metric",26.600000,-22.900000,0.000000,top
"C89","1uF/50V","C_0603_1608Metric",61.000000,-54.000000,90.000000,top
"D1","SMBJ12A","D_SMB",17.000000,-19.000000,180.000000,top
"D2","SMBJ6.0A","D_SMB",17.000000,-69.500000,0.000000,top
"D3","BAT54-7-F","SOT-23",66.800000,-60.100000,90.000000,top
"D4","BAT54-7-F","SOT-23",53.000000,-62.800000,0.000000,top
"D5","SK6805-EC15","OPSCO_SK6805_EC15",42.250000,-26.750000,0.000000,top
"J1","TYPE-C-31-M-12","USB_C_Receptacle_HRO_TYPE-C-31-M-12",40.000000,-4.000000,180.000000,top
"J2","COIL_L","JST_PH_B2B-PH-SM4-TB_1x02-1MP_P2.00mm_Vertical",17.000000,-35.000000,0.000000,top
"J3","COIL_M","JST_PH_B2B-PH-SM4-TB_1x02-1MP_P2.00mm_Vertical",17.000000,-60.000000,0.000000,top
"J4","COIL_R","JST_PH_B2B-PH-SM4-TB_1x02-1MP_P2.00mm_Vertical",63.000000,-35.000000,0.000000,top
"J6","ENCODER_8P","JST_SH_SM08B-SRSS-TB_1x08-1MP_P1.00mm_Horizontal",28.000000,-18.500000,180.000000,top
"J8","WHEEL_SIGNAL_30P","Hirose_FH12-30S-0.5SH_1x30-1MP_P0.50mm_Horizontal",63.000000,-70.000000,0.000000,top
"J10","WHEEL_POWER_2P","JST_PA_SM02B-PASS_1x02_P2.00mm_Horizontal",72.000000,-91.000000,0.000000,top
"L1","SWPA4020S3R3MT","L_Sunlord_SWPA4020S",64.400000,-23.250000,0.000000,top
"Q1","2N7002","SOT-23",27.000000,-30.500000,0.000000,top
"Q2","2N7002","SOT-23",31.000000,-32.750000,180.000000,top
"Q3","2N7002","SOT-23",56.000000,-41.000000,0.000000,top
"R3","10k","R_0603_1608Metric",50.000000,-89.000000,90.000000,top
"R4","10k","R_0603_1608Metric",30.500000,-81.750000,90.000000,top
"R5","33R","R_0603_1608Metric",41.050000,-86.750000,90.000000,top
"R6","33R","R_0603_1608Metric",39.400000,-86.750000,90.000000,top
"R7","10k","R_0603_1608Metric",30.750000,-79.250000,0.000000,top
"R8","10k","R_0603_1608Metric",14.000000,-45.000000,90.000000,top
"R9","10k","R_0603_1608Metric",14.000000,-48.500000,90.000000,top
"R10","10k","R_0603_1608Metric",14.000000,-51.000000,0.000000,top
"R11","10k","R_0603_1608Metric",17.500000,-51.500000,0.000000,top
"R12","3.3k","R_0603_1608Metric",23.000000,-50.500000,0.000000,top
"R14","10k","R_0603_1608Metric",11.500000,-52.500000,90.000000,top
"R15","10k","R_0603_1608Metric",14.500000,-53.500000,90.000000,top
"R16","10k","R_0603_1608Metric",26.250000,-53.000000,0.000000,top
"R17","10k","R_0603_1608Metric",26.500000,-56.000000,-90.000000,top
"R18","3.3k","R_0603_1608Metric",25.500000,-50.000000,90.000000,top
"R20","10k","R_0603_1608Metric",60.000000,-45.000000,90.000000,top
"R21","10k","R_0603_1608Metric",60.000000,-48.500000,90.000000,top
"R22","10k","R_0603_1608Metric",60.000000,-51.000000,0.000000,top
"R23","10k","R_0603_1608Metric",63.500000,-51.500000,0.000000,top
"R24","3.3k","R_0603_1608Metric",65.000000,-40.500000,90.000000,top
"R25","887k","R_0603_1608Metric",53.500000,-28.700000,0.000000,top
"R26","100k","R_0603_1608Metric",55.500000,-31.100000,0.000000,top
"R27","100k","R_0603_1608Metric",56.000000,-28.000000,90.000000,top
"R28","1k","R_0603_1608Metric",68.250000,-20.500000,90.000000,top
"R29","22.1k","R_0603_1608Metric",13.000000,-24.000000,0.000000,top
"R30","10k","R_0603_1608Metric",16.500000,-24.000000,0.000000,top
"R31","100k","R_0603_1608Metric",12.500000,-26.500000,90.000000,top
"R32","100k","R_0603_1608Metric",14.400000,-26.500000,90.000000,top
"R33","100k","R_0603_1608Metric",16.300000,-26.500000,90.000000,top
"R34","100k","R_0603_1608Metric",18.200000,-26.500000,90.000000,top
"R35","100k","R_0603_1608Metric",20.100000,-26.500000,90.000000,top
"R36","100k","R_0603_1608Metric",55.500000,-52.500000,90.000000,top
"R37","100k","R_0603_1608Metric",57.500000,-52.500000,90.000000,top
"R38","100k","R_0603_1608Metric",59.500000,-53.500000,90.000000,top
"R39","100k","R_0603_1608Metric",63.500000,-54.000000,90.000000,top
"R40","100k","R_0603_1608Metric",68.500000,-54.000000,90.000000,top
"R41","22.1k","R_0603_1608Metric",63.500000,-58.000000,90.000000,top
"R42","3.3k","R_0603_1608Metric",66.000000,-53.100000,0.000000,top
"R43","3.3k","R_0603_1608Metric",66.000000,-57.400000,0.000000,top
"R44","1k","R_0603_1608Metric",21.000000,-29.000000,0.000000,top
"R45","1k","R_0603_1608Metric",57.000000,-60.750000,90.000000,top
"R46","10k","R_0603_1608Metric",62.300000,-103.500000,0.000000,top
"R47","10k","R_0603_1608Metric",25.000000,-86.000000,0.000000,top
"R48","10k","R_0603_1608Metric",28.500000,-86.000000,0.000000,top
"R49","10k","R_0603_1608Metric",52.000000,-94.000000,90.000000,top
"R50","10k","R_0603_1608Metric",12.500000,-102.000000,0.000000,top
"R51","10k","R_0603_1608Metric",16.000000,-102.000000,0.000000,top
"R52","10k","R_0603_1608Metric",19.500000,-102.000000,0.000000,top
"R53","10k","R_0603_1608Metric",53.000000,-98.500000,0.000000,top
"R54","10k","R_0603_1608Metric",62.500000,-98.500000,0.000000,top
"R55","10k","R_0603_1608Metric",53.500000,-86.500000,0.000000,top
"R56","3.3k","R_0603_1608Metric",26.450000,-25.150000,0.000000,top
"R57","3.3k","R_0603_1608Metric",29.200000,-24.650000,90.000000,top
"R58","33R","R_0603_1608Metric",32.200000,-24.650000,0.000000,top
"R59","4.7k","R_0603_1608Metric",28.000000,-27.250000,0.000000,top
"R60","3.3k","R_0603_1608Metric",30.500000,-27.750000,-90.000000,top
"R61","10k","R_0603_1608Metric",32.250000,-29.500000,-90.000000,top
"R62","100k","R_0603_1608Metric",22.500000,-31.500000,90.000000,top
"R63","100k","R_0603_1608Metric",32.500000,-36.000000,90.000000,top
"R64","1k","R_0603_1608Metric",49.000000,-40.500000,0.000000,top
"R65","22.1k","R_0603_1608Metric",56.000000,-37.000000,90.000000,top
"R66","100k","R_0603_1608Metric",56.000000,-45.000000,90.000000,top
"R67","100k","R_0603_1608Metric",48.000000,-58.000000,90.000000,top
"R68","22.1k","R_0603_1608Metric",57.000000,-57.000000,0.000000,top
"R69","1k","R_0603_1608Metric",17.000000,-73.000000,0.000000,top
"R70","10k","R_0603_1608Metric",52.500000,-100.000000,180.000000,top
"R71","100k","R_0603_1608Metric",53.000000,-37.000000,90.000000,top
"R72","10k","R_0603_1608Metric",28.750000,-81.750000,90.000000,top
"R73","10k","R_0603_1608Metric",26.000000,-81.000000,0.000000,top
"R74","10k","R_0603_1608Metric",27.000000,-83.500000,90.000000,top
"R75","10k","R_0603_1608Metric",34.000000,-83.500000,90.000000,top
"R76","10k","R_0603_1608Metric",37.000000,-87.500000,180.000000,top
"R77","10k","R_0603_1608Metric",37.000000,-85.000000,180.000000,top
"R78","10k","R_0603_1608Metric",43.000000,-87.000000,90.000000,top
"R79","10k","R_0603_1608Metric",45.000000,-87.000000,90.000000,top
"R80","10k","R_0603_1608Metric",47.000000,-87.000000,90.000000,top
"R99","10k","R_0603_1608Metric",33.000000,-23.000000,0.000000,top
"R101","100k","R_0603_1608Metric",49.250000,-63.750000,0.000000,top
"R110","100k","R_0603_1608Metric",14.500000,-39.750000,0.000000,top
"R125","0R","R_0603_1608Metric",21.500000,-37.500000,0.000000,top
"R126","10k","R_0603_1608Metric",50.750000,-85.250000,90.000000,top
"R127","10k","R_0603_1608Metric",33.750000,-86.000000,0.000000,top
"R128","330R","R_0603_1608Metric",50.500000,-24.750000,90.000000,top
"R129","100k","R_0603_1608Metric",47.750000,-25.500000,90.000000,top
"R130","10k","R_0603_1608Metric",47.000000,-29.500000,90.000000,top
"R131","10k","R_0603_1608Metric",32.200000,-59.000000,90.000000,top
"R132","39R","R_0603_1608Metric",25.350000,-73.450000,90.000000,top
"R133","100k","R_0603_1608Metric",32.600000,-65.800000,90.000000,top
"R134","100k","R_0603_1608Metric",32.600000,-69.100000,90.000000,top
"R135","10k","R_0603_1608Metric",32.600000,-72.400000,90.000000,top
"R136","100k","R_0603_1608Metric",32.600000,-62.500000,90.000000,top
"R141","33k","R_0603_1608Metric",64.000000,-64.000000,90.000000,top
"R142","33k","R_0603_1608Metric",66.500000,-64.000000,90.000000,top
"R143","33k","R_0603_1608Metric",69.000000,-64.000000,90.000000,top
"SW1","RESET","SW_SPST_TS-1088-xR020",58.500000,-84.500000,0.000000,top
"SW2","BOOT","SW_SPST_TS-1088-xR020",58.500000,-89.000000,0.000000,top
"U1","TPD2EUSB30DRTR","Texas_DRT-3",40.000000,-25.000000,0.000000,top
"U2","TPS62162DSGR","Texas_DSG0008A_WSON-8-1EP_2x2mm_P0.5mm_EP0.9x1.6mm",60.500000,-26.000000,0.000000,top
"U3","ESP32-S3-MINI-1-N8","ESP32-S2-MINI-1",40.000000,-99.000000,180.000000,top
"U4","DRV8231ADSGR","Texas_DSG0008A_WSON-8-1EP_2x2mm_P0.5mm_EP0.9x1.6mm",17.000000,-45.000000,0.000000,top
"U5","DRV8231ADSGR","Texas_DSG0008A_WSON-8-1EP_2x2mm_P0.5mm_EP0.9x1.6mm",17.000000,-54.000000,0.000000,top
"U6","DRV8231ADSGR","Texas_DSG0008A_WSON-8-1EP_2x2mm_P0.5mm_EP0.9x1.6mm",63.000000,-45.000000,0.000000,top
"U7","TMAG5253BA2IQDMRR","Texas_X2SON-4-1EP_1.1x1.4mm_P0.5mm_EP0.8x0.6mm",17.000000,-41.500000,0.000000,top
"U8","TMAG5253BA2IQDMRR","Texas_X2SON-4-1EP_1.1x1.4mm_P0.5mm_EP0.8x0.6mm",24.000000,-60.000000,0.000000,top
"U9","TMAG5253BA2IQDMRR","Texas_X2SON-4-1EP_1.1x1.4mm_P0.5mm_EP0.8x0.6mm",63.000000,-41.500000,0.000000,top
"U10","ADS7038IRTER","WQFN-16-1EP_3x3mm_P0.5mm_EP1.68x1.68mm",50.500000,-46.000000,0.000000,top
"U11","TUSB320LAIRWBR","Texas_X2QFN-12_1.6x1.6mm_P0.4mm",53.000000,-25.000000,0.000000,top
"U12","TPS259470LRPWR","Texas_RPW0010A",23.250000,-25.000000,0.000000,top
"U13","TPS259470LRPWR","Texas_RPW0010A",61.000000,-57.000000,0.000000,top
"U14","SN74LVC2G04DCKR","SOT-363_SC-70-6",24.250000,-45.500000,0.000000,top
"U15","SN74LVC1G123DCUR","VSSOP-8_2.3x2mm_P0.5mm",58.000000,-101.000000,0.000000,top
"U16","SN74LVC08APWR","TSSOP-14_4.4x5mm_P0.65mm",16.000000,-89.000000,0.000000,top
"U17","SN74LVC08APWR","TSSOP-14_4.4x5mm_P0.65mm",16.000000,-97.000000,0.000000,top
"U18","SN74LVC08APWR","TSSOP-14_4.4x5mm_P0.65mm",58.000000,-95.000000,0.000000,top
"U19","TLV9001IDBVR","SOT-23-5",26.000000,-34.000000,180.000000,top
"U20","TPD2E2U06DCKR","SOT-323_SC-70",51.700000,-19.500000,0.000000,top
"U25","SN74LVC125APWR","TSSOP-14_4.4x5mm_P0.65mm",51.750000,-57.000000,90.000000,top
"U28","TPS22919DCKR","SOT-363_SC-70-6",22.000000,-40.500000,90.000000,top
"U29","SN74LVC125APWR","TSSOP-14_4.4x5mm_P0.65mm",26.000000,-40.250000,90.000000,top
"U32","ICM-42688-P","LGA-14_3x2.5mm_P0.5mm_LayoutBorder3x4y",44.500000,-83.750000,0.000000,top
"U33","TPS7A2450DBVR","SOT-23-5",48.000000,-18.500000,90.000000,top
"U34","SN74LV1T34DBVR","SOT-23-5",65.500000,-18.500000,90.000000,top
"U35","PMW3360DM-T2QU","PixArt_PMW3360DM_T2QU",40.500000,-72.500000,-90.000000,top
"U36","TLV75519PDBVR","SOT-23-5",28.000000,-65.000000,180.000000,top
"U37","SN74LVC125APWR","TSSOP-14_4.4x5mm_P0.65mm",40.500000,-57.000000,0.000000,top
"U38","TPS22918DBVR","SOT-23-6",28.250000,-73.000000,0.000000,top
"U39","SN74LVC1G125DBVR","SOT-23-5",33.500000,-55.600000,0.000000,top
