Board,Reference,Pad,Net,Copper_area_mm2,Paste_on_land_mm2,Coverage_percent,Volume_on_land_mm3
Main,D5,1,RGB_DIN,0.3025,0.3025,100.0,0.03025
Main,D5,2,RGB_5V,0.3025,0.3025,100.0,0.03025
Main,D5,3,unconnected-(D5-DOUT-Pad3),0.3025,0.3025,100.0,0.03025
Main,D5,4,GND,0.3025,0.3025,100.0,0.03025
Main,R8,1,BTN_L_IN1,0.72485,0.72485,100.0,0.072485
Main,R8,2,GND,0.72485,0.72485,100.0,0.072485
Main,U16,1,SOURCE_OK,0.581041,0.581041,100.0,0.058104
Main,U16,2,ACT_REQ,0.581041,0.581041,100.0,0.058104
Main,U16,3,ARM_SOURCE,0.581041,0.581041,100.0,0.058104
Main,U16,4,ARM_SOURCE,0.581041,0.581041,100.0,0.058104
Main,U16,5,HALL_EN,0.581041,0.581041,100.0,0.058104
Main,U16,6,ARM_VALID,0.581041,0.581041,100.0,0.058104
Main,U16,7,GND,0.581041,0.581041,100.0,0.058104
Main,U16,8,SOURCE_3A,0.581041,0.581041,100.0,0.058104
Main,U16,9,SOURCE_OK,0.581041,0.581041,100.0,0.058104
Main,U16,10,CC_OUT2_INV,0.581041,0.581041,100.0,0.058104
Main,U16,11,ACT_DRIVE_EN,0.581041,0.581041,100.0,0.058104
Main,U16,12,ACT_PERMIT,0.581041,0.581041,100.0,0.058104
Main,U16,13,ARM_VALID,0.581041,0.581041,100.0,0.058104
Main,U16,14,+3V3,0.581041,0.581041,100.0,0.058104
Main,U18,1,BTN_R_CMD1,0.581041,0.581041,100.0,0.058104
Main,U18,2,ACT_DRIVE_EN,0.581041,0.581041,100.0,0.058104
Main,U18,3,BTN_R_IN1,0.581041,0.581041,100.0,0.058104
Main,U18,4,BTN_R_CMD2,0.581041,0.581041,100.0,0.058104
Main,U18,5,ACT_DRIVE_EN,0.581041,0.581041,100.0,0.058104
Main,U18,6,BTN_R_IN2,0.581041,0.581041,100.0,0.058104
Main,U18,7,GND,0.581041,0.581041,100.0,0.058104
Main,U18,8,HALL_EN,0.581041,0.581041,100.0,0.058104
Main,U18,9,SENS_REQ,0.581041,0.581041,100.0,0.058104
Main,U18,10,MCU_EN,0.581041,0.581041,100.0,0.058104
Main,U18,11,unconnected-(U18-4Y-Pad11),0.581041,0.581041,100.0,0.058104
Main,U18,12,GND,0.581041,0.581041,100.0,0.058104
Main,U18,13,GND,0.581041,0.581041,100.0,0.058104
Main,U18,14,+3V3,0.581041,0.581041,100.0,0.058104
Main,C85,1,OPT_VDDPIX,0.810672,0.810672,100.0,0.081067
Main,C85,2,GND,0.810672,0.810672,100.0,0.081067
Main,C33,1,USB_IMON_ADC,0.810672,0.810672,100.0,0.081067
Main,C33,2,GND,0.810672,0.810672,100.0,0.081067
Main,C37,1,ACT_5V,1.395346,1.395346,100.0,0.139535
Main,C37,2,GND,1.395346,1.395346,100.0,0.139535
Main,U38,1,+3V3,0.775088,0.775088,100.0,0.077509
Main,U38,2,GND,0.775088,0.775088,100.0,0.077509
Main,U38,3,HALL_EN,0.775088,0.775088,100.0,0.077509
Main,U38,4,OPT_RAMP_CT,0.775088,0.775088,100.0,0.077509
Main,U38,5,unconnected-(U38-QOD-Pad5),0.775088,0.775088,100.0,0.077509
Main,U38,6,OPT_3V3,0.775088,0.775088,100.0,0.077509
Main,R28,1,LOGIC_PG,0.72485,0.72485,100.0,0.072485
Main,R28,2,MCU_EN,0.72485,0.72485,100.0,0.072485
Main,Q2,1,SOURCE_3A,0.865088,0.865088,100.0,0.086509
Main,Q2,2,GND,0.865088,0.865088,100.0,0.086509
Main,Q2,3,ILM_HIGH_D,0.865088,0.865088,100.0,0.086509
Main,R65,1,VBUS_USB,0.72485,0.72485,100.0,0.072485
Main,R65,2,VBUS_GATE,0.72485,0.72485,100.0,0.072485
Main,R110,1,HALL_EN,0.72485,0.72485,100.0,0.072485
Main,R110,2,GND,0.72485,0.72485,100.0,0.072485
Main,R143,1,ADC2_MISO_LOCAL,0.72485,0.72485,100.0,0.072485
Main,R143,2,GND,0.72485,0.72485,100.0,0.072485
Main,R125,1,ENC_QOD,0.72485,0.72485,100.0,0.072485
Main,R125,2,ENC_3V3,0.72485,0.72485,100.0,0.072485
Main,R64,1,USB_IMON_BUF,0.72485,0.72485,100.0,0.072485
Main,R64,2,USB_IMON_ADC,0.72485,0.72485,100.0,0.072485
Main,U7,1,+3V3,0.133935,0.133935,100.0,0.013394
Main,U7,2,GND,0.133935,0.133935,100.0,0.013394
Main,U7,3,HALL_EN,0.133935,0.133935,100.0,0.013394
Main,U7,4,HALL_L,0.133935,0.133935,100.0,0.013394
Main,U7,5,GND,0.48,0.430854,89.76,0.043085
Main,C9,1,BTN_L_VREF,0.810672,0.810672,100.0,0.081067
Main,C9,2,GND,0.810672,0.810672,100.0,0.081067
Main,U37,1,CS_PAW,0.581041,0.581041,100.0,0.058104
Main,U37,2,SPI_MOSI,0.581041,0.581041,100.0,0.058104
Main,U37,3,OPT_MOSI,0.581041,0.581041,100.0,0.058104
Main,U37,4,CS_PAW,0.581041,0.581041,100.0,0.058104
Main,U37,5,SPI_SCLK,0.581041,0.581041,100.0,0.058104
Main,U37,6,OPT_SCLK,0.581041,0.581041,100.0,0.058104
Main,U37,7,GND,0.581041,0.581041,100.0,0.058104
Main,U37,8,SPI_MISO,0.581041,0.581041,100.0,0.058104
Main,U37,9,OPT_MISO,0.581041,0.581041,100.0,0.058104
Main,U37,10,CS_PAW,0.581041,0.581041,100.0,0.058104
Main,U37,11,OPT_RESET_N,0.581041,0.581041,100.0,0.058104
Main,U37,12,OPT_CTRL,0.581041,0.581041,100.0,0.058104
Main,U37,13,GND,0.581041,0.581041,100.0,0.058104
Main,U37,14,OPT_3V3,0.581041,0.581041,100.0,0.058104
Main,R16,1,+3V3,0.72485,0.72485,100.0,0.072485
Main,R16,2,BTN_M_VREF,0.72485,0.72485,100.0,0.072485
Main,R50,1,BTN_L_CMD1,0.72485,0.72485,100.0,0.072485
Main,R50,2,GND,0.72485,0.72485,100.0,0.072485
Main,U1,1,USB_DP,0.084879,0.084879,100.0,0.008488
Main,U1,2,USB_DM,0.084879,0.084879,100.0,0.008488
Main,U1,3,GND,0.084879,0.084879,100.0,0.008488
Main,U2,1,GND,0.146435,0.146435,100.0,0.014644
Main,U2,2,PWR_5V,0.146435,0.146435,100.0,0.014644
Main,U2,3,PWR_5V,0.146435,0.146435,100.0,0.014644
Main,U2,4,GND,0.146435,0.146435,100.0,0.014644
Main,U2,5,GND,0.146435,0.146435,100.0,0.014644
Main,U2,6,+3V3,0.146435,0.146435,100.0,0.014644
Main,U2,7,BUCK_SW,0.146435,0.146435,100.0,0.014644
Main,U2,8,LOGIC_PG,0.146435,0.146435,100.0,0.014644
Main,U2,9,GND,1.44,1.255307,87.17,0.125531
Main,R25,1,VBUS_USB,0.72485,0.72485,100.0,0.072485
Main,R25,2,CC_VBUS_DET,0.72485,0.72485,100.0,0.072485
Main,Q3,1,VBUS_GATE,0.865088,0.865088,100.0,0.086509
Main,Q3,2,GND,0.865088,0.865088,100.0,0.086509
Main,Q3,3,VBUS_PRESENT_N,0.865088,0.865088,100.0,0.086509
Main,R63,1,SOURCE_3A,0.72485,0.72485,100.0,0.072485
Main,R63,2,GND,0.72485,0.72485,100.0,0.072485
Main,R42,1,ACT_ILM,0.72485,0.72485,100.0,0.072485
Main,R42,2,GND,0.72485,0.72485,100.0,0.072485
Main,R27,1,+3V3,0.72485,0.72485,100.0,0.072485
Main,R27,2,CC_OUT2,0.72485,0.72485,100.0,0.072485
Main,R49,1,ACT_DRIVE_EN,0.72485,0.72485,100.0,0.072485
Main,R49,2,GND,0.72485,0.72485,100.0,0.072485
Main,L1,1,BUCK_SW,3.580088,3.580088,100.0,0.358009
Main,L1,2,+3V3,3.580088,3.580088,100.0,0.358009
Main,D3,1,ACT_UVLO,0.865088,0.865088,100.0,0.086509
Main,D3,2,,0.865088,0.865088,100.0,0.086509
Main,D3,3,ACT_DRIVE_EN,0.865088,0.865088,100.0,0.086509
Main,C31,1,+3V3,0.810672,0.810672,100.0,0.081067
Main,C31,2,GND,0.810672,0.810672,100.0,0.081067
Main,R4,1,+3V3,0.72485,0.72485,100.0,0.072485
Main,R4,2,BOOT,0.72485,0.72485,100.0,0.072485
Main,U17,1,BTN_L_CMD1,0.581041,0.581041,100.0,0.058104
Main,U17,2,ACT_DRIVE_EN,0.581041,0.581041,100.0,0.058104
Main,U17,3,BTN_L_IN1,0.581041,0.581041,100.0,0.058104
Main,U17,4,BTN_L_CMD2,0.581041,0.581041,100.0,0.058104
Main,U17,5,ACT_DRIVE_EN,0.581041,0.581041,100.0,0.058104
Main,U17,6,BTN_L_IN2,0.581041,0.581041,100.0,0.058104
Main,U17,7,GND,0.581041,0.581041,100.0,0.058104
Main,U17,8,BTN_M_IN1,0.581041,0.581041,100.0,0.058104
Main,U17,9,BTN_M_CMD1,0.581041,0.581041,100.0,0.058104
Main,U17,10,ACT_DRIVE_EN,0.581041,0.581041,100.0,0.058104
Main,U17,11,BTN_M_IN2,0.581041,0.581041,100.0,0.058104
Main,U17,12,BTN_M_CMD2,0.581041,0.581041,100.0,0.058104
Main,U17,13,ACT_DRIVE_EN,0.581041,0.581041,100.0,0.058104
Main,U17,14,+3V3,0.581041,0.581041,100.0,0.058104
Main,R40,1,PWR_5V,0.72485,0.72485,100.0,0.072485
Main,R40,2,ACT_OVLO,0.72485,0.72485,100.0,0.072485
Main,C74,1,RGB_5V,1.395346,1.395346,100.0,0.139535
Main,C74,2,GND,1.395346,1.395346,100.0,0.139535
Main,R39,1,ACT_UVLO,0.72485,0.72485,100.0,0.072485
Main,R39,2,GND,0.72485,0.72485,100.0,0.072485
Main,C87,1,OPT_3V3,0.810672,0.810672,100.0,0.081067
Main,C87,2,GND,0.810672,0.810672,100.0,0.081067
Main,R62,1,SOURCE_OK,0.72485,0.72485,100.0,0.072485
Main,R62,2,GND,0.72485,0.72485,100.0,0.072485
Main,R41,1,ACT_OVLO,0.72485,0.72485,100.0,0.072485
Main,R41,2,GND,0.72485,0.72485,100.0,0.072485
Main,U11,1,USB_CC1,0.167654,0.167654,100.0,0.016765
Main,U11,2,USB_CC2,0.167654,0.167654,100.0,0.016765
Main,U11,3,GND,0.127654,0.127654,100.0,0.012765
Main,U11,4,CC_VBUS_DET,0.127654,0.127654,100.0,0.012765
Main,U11,5,unconnected-(U11-ADDR-Pad5),0.127654,0.127654,100.0,0.012765
Main,U11,6,unconnected-(U11-OUT3-Pad6),0.127654,0.127654,100.0,0.012765
Main,U11,7,CC_OUT1,0.167654,0.167654,100.0,0.016765
Main,U11,8,CC_OUT2,0.167654,0.167654,100.0,0.016765
Main,U11,9,unconnected-(U11-ID-Pad9),0.127654,0.127654,100.0,0.012765
Main,U11,10,GND,0.127654,0.127654,100.0,0.012765
Main,U11,11,GND,0.127654,0.127654,100.0,0.012765
Main,U11,12,+3V3,0.127654,0.127654,100.0,0.012765
Main,C12,1,BTN_M_VREF,0.810672,0.810672,100.0,0.081067
Main,C12,2,GND,0.810672,0.810672,100.0,0.081067
Main,U14,1,CC_OUT1,0.351872,0.351872,100.0,0.035187
Main,U14,2,GND,0.351872,0.351872,100.0,0.035187
Main,U14,3,CC_OUT2,0.351872,0.351872,100.0,0.035187
Main,U14,4,CC_OUT2_INV,0.351872,0.351872,100.0,0.035187
Main,U14,5,+3V3,0.351872,0.351872,100.0,0.035187
Main,U14,6,SOURCE_OK,0.351872,0.351872,100.0,0.035187
Main,C19,1,+3V3,0.810672,0.810672,100.0,0.081067
Main,C19,2,GND,0.810672,0.810672,100.0,0.081067
Main,R126,1,IMU_PIN9,0.72485,0.72485,100.0,0.072485
Main,R126,2,GND,0.72485,0.72485,100.0,0.072485
Main,C73,1,PWR_5V,1.395346,1.395346,100.0,0.139535
Main,C73,2,GND,1.395346,1.395346,100.0,0.139535
Main,R71,1,+3V3,0.72485,0.72485,100.0,0.072485
Main,R71,2,VBUS_PRESENT_N,0.72485,0.72485,100.0,0.072485
Main,U10,1,HALL_R,0.205185,0.205185,100.0,0.020519
Main,U10,2,BTN_L_ISENSE,0.205185,0.205185,100.0,0.020519
Main,U10,3,BTN_M_ISENSE,0.205185,0.205185,100.0,0.020519
Main,U10,4,BTN_R_ISENSE,0.205185,0.205185,100.0,0.020519
Main,U10,5,USB_IMON_ADC,0.205185,0.205185,100.0,0.020519
Main,U10,6,ACT_VMON,0.205185,0.205185,100.0,0.020519
Main,U10,7,+3V3,0.205185,0.205185,100.0,0.020519
Main,U10,8,ADC_DECAP,0.205185,0.205185,100.0,0.020519
Main,U10,9,GND,0.205185,0.205185,100.0,0.020519
Main,U10,10,+3V3,0.205185,0.205185,100.0,0.020519
Main,U10,11,ADC_CS,0.205185,0.205185,100.0,0.020519
Main,U10,12,SPI_MISO,0.205185,0.205185,100.0,0.020519
Main,U10,13,SPI_SCLK,0.205185,0.205185,100.0,0.020519
Main,U10,14,SPI_MOSI,0.205185,0.205185,100.0,0.020519
Main,U10,15,HALL_L,0.205185,0.205185,100.0,0.020519
Main,U10,16,HALL_M,0.205185,0.205185,100.0,0.020519
Main,U10,17,GND,2.8224,2.400154,85.04,0.240015
Main,R43,1,ACT_ILM,0.72485,0.72485,100.0,0.072485
Main,R43,2,GND,0.72485,0.72485,100.0,0.072485
Main,C22,1,+3V3,0.810672,0.810672,100.0,0.081067
Main,C22,2,GND,0.810672,0.810672,100.0,0.081067
Main,R52,1,BTN_M_CMD1,0.72485,0.72485,100.0,0.072485
Main,R52,2,GND,0.72485,0.72485,100.0,0.072485
Main,R29,1,VBUS_USB,0.72485,0.72485,100.0,0.072485
Main,R29,2,USB_UVLO,0.72485,0.72485,100.0,0.072485
Main,U20,1,USB_CC1,0.404933,0.404933,100.0,0.040493
Main,U20,2,USB_CC2,0.404933,0.404933,100.0,0.040493
Main,U20,3,GND,0.404933,0.404933,100.0,0.040493
Main,C89,1,PWR_5V,0.810672,0.810672,100.0,0.081067
Main,C89,2,GND,0.810672,0.810672,100.0,0.081067
Main,U33,1,PWR_5V,0.775088,0.775088,100.0,0.077509
Main,U33,2,GND,0.775088,0.775088,100.0,0.077509
Main,U33,3,HALL_EN,0.775088,0.775088,100.0,0.077509
Main,U33,4,unconnected-(U33-NC-Pad4),0.775088,0.775088,100.0,0.077509
Main,U33,5,RGB_5V,0.775088,0.775088,100.0,0.077509
Main,R131,1,OPT_3V3,0.72485,0.72485,100.0,0.072485
Main,R131,2,OPT_CS_N,0.72485,0.72485,100.0,0.072485
Main,C2,1,+3V3,1.395346,1.395346,100.0,0.139535
Main,C2,2,GND,1.395346,1.395346,100.0,0.139535
Main,C72,1,+3V3,0.810672,0.810672,100.0,0.081067
Main,C72,2,GND,0.810672,0.810672,100.0,0.081067
Main,R51,1,BTN_L_CMD2,0.72485,0.72485,100.0,0.072485
Main,R51,2,GND,0.72485,0.72485,100.0,0.072485
Main,U39,1,GND,0.775088,0.775088,100.0,0.077509
Main,U39,2,CS_PAW,0.775088,0.775088,100.0,0.077509
Main,U39,3,GND,0.775088,0.775088,100.0,0.077509
Main,U39,4,OPT_CS_N,0.775088,0.775088,100.0,0.077509
Main,U39,5,OPT_3V3,0.775088,0.775088,100.0,0.077509
Main,SW1,1,MCU_EN,2.045346,2.045346,100.0,0.204535
Main,SW1,2,GND,2.045346,2.045346,100.0,0.204535
Main,R69,1,ACT_5V,0.72485,0.72485,100.0,0.072485
Main,R69,2,GND,0.72485,0.72485,100.0,0.072485
Main,C84,1,OPT_VDDPIX,0.810672,0.810672,100.0,0.081067
Main,C84,2,GND,0.810672,0.810672,100.0,0.081067
Main,C4,1,MCU_EN,0.810672,0.810672,100.0,0.081067
Main,C4,2,GND,0.810672,0.810672,100.0,0.081067
Main,J1,A1,GND,0.850088,0.850088,100.0,0.085009
Main,J1,A4,VBUS_USB,0.850088,0.850088,100.0,0.085009
Main,J1,A5,USB_CC1,0.429879,0.429879,100.0,0.042988
Main,J1,A6,USB_DP,0.429879,0.429879,100.0,0.042988
Main,J1,A7,USB_DM,0.429879,0.429879,100.0,0.042988
Main,J1,A8,unconnected-(J1-SBU1-PadA8),0.429879,0.429879,100.0,0.042988
Main,J1,A9,VBUS_USB,0.850088,0.850088,100.0,0.085009
Main,J1,A12,GND,0.850088,0.850088,100.0,0.085009
Main,J1,B1,GND,0.850088,0.850088,100.0,0.085009
Main,J1,B4,VBUS_USB,0.850088,0.850088,100.0,0.085009
Main,J1,B5,USB_CC2,0.429879,0.429879,100.0,0.042988
Main,J1,B6,USB_DP,0.429879,0.429879,100.0,0.042988
Main,J1,B7,USB_DM,0.429879,0.429879,100.0,0.042988
Main,J1,B8,unconnected-(J1-SBU2-PadB8),0.429879,0.429879,100.0,0.042988
Main,J1,B9,VBUS_USB,0.850088,0.850088,100.0,0.085009
Main,J1,B12,GND,0.850088,0.850088,100.0,0.085009
Main,C34,1,+3V3,0.810672,0.810672,100.0,0.081067
Main,C34,2,GND,0.810672,0.810672,100.0,0.081067
Main,C70,1,+3V3,0.810672,0.810672,100.0,0.081067
Main,C70,2,GND,0.810672,0.810672,100.0,0.081067
Main,R70,1,SENS_REQ,0.72485,0.72485,100.0,0.072485
Main,R70,2,GND,0.72485,0.72485,100.0,0.072485
Main,C23,1,+3V3,1.395346,1.395346,100.0,0.139535
Main,C23,2,GND,1.395346,1.395346,100.0,0.139535
Main,U36,1,OPT_3V3,0.775088,0.775088,100.0,0.077509
Main,U36,2,GND,0.775088,0.775088,100.0,0.077509
Main,U36,3,OPT_3V3,0.775088,0.775088,100.0,0.077509
Main,U36,4,unconnected-(U36-NC-Pad4),0.775088,0.775088,100.0,0.077509
Main,U36,5,OPT_1V9,0.775088,0.775088,100.0,0.077509
Main,C10,1,ACT_5V,0.810672,0.810672,100.0,0.081067
Main,C10,2,GND,0.810672,0.810672,100.0,0.081067
Main,U9,1,+3V3,0.133935,0.133935,100.0,0.013394
Main,U9,2,GND,0.133935,0.133935,100.0,0.013394
Main,U9,3,HALL_EN,0.133935,0.133935,100.0,0.013394
Main,U9,4,HALL_R,0.133935,0.133935,100.0,0.013394
Main,U9,5,GND,0.48,0.430854,89.76,0.043085
Main,U6,1,BTN_R_ISENSE,0.146435,0.146435,100.0,0.014644
Main,U6,2,BTN_R_IN2,0.146435,0.146435,100.0,0.014644
Main,U6,3,BTN_R_IN1,0.146435,0.146435,100.0,0.014644
Main,U6,4,BTN_R_VREF,0.146435,0.146435,100.0,0.014644
Main,U6,5,ACT_5V,0.146435,0.146435,100.0,0.014644
Main,U6,6,BTN_R_COIL_P,0.146435,0.146435,100.0,0.014644
Main,U6,7,GND,0.146435,0.146435,100.0,0.014644
Main,U6,8,BTN_R_COIL_N,0.146435,0.146435,100.0,0.014644
Main,U6,9,GND,1.44,1.255307,87.17,0.125531
Main,C53,1,+3V3,0.810672,0.810672,100.0,0.081067
Main,C53,2,GND,0.810672,0.810672,100.0,0.081067
Main,C1,1,PWR_5V,1.395346,1.395346,100.0,0.139535
Main,C1,2,GND,1.395346,1.395346,100.0,0.139535
Main,C77,1,+3V3,1.395346,1.395346,100.0,0.139535
Main,C77,2,GND,1.395346,1.395346,100.0,0.139535
Main,R72,1,+3V3,0.72485,0.72485,100.0,0.072485
Main,R72,2,CS_PAW,0.72485,0.72485,100.0,0.072485
Main,R15,1,BTN_M_IN2,0.72485,0.72485,100.0,0.072485
Main,R15,2,GND,0.72485,0.72485,100.0,0.072485
Main,C64,1,ENC_3V3,0.810672,0.810672,100.0,0.081067
Main,C64,2,GND,0.810672,0.810672,100.0,0.081067
Main,R135,1,OPT_3V3,0.72485,0.72485,100.0,0.072485
Main,R135,2,OPT_MISO,0.72485,0.72485,100.0,0.072485
Main,C18,1,+3V3,0.810672,0.810672,100.0,0.081067
Main,C18,2,GND,0.810672,0.810672,100.0,0.081067
Main,R47,1,ACT_HEARTBEAT,0.72485,0.72485,100.0,0.072485
Main,R47,2,GND,0.72485,0.72485,100.0,0.072485
Main,R54,1,BTN_R_CMD1,0.72485,0.72485,100.0,0.072485
Main,R54,2,GND,0.72485,0.72485,100.0,0.072485
Main,C78,1,+3V3,1.395346,1.395346,100.0,0.139535
Main,C78,2,GND,1.395346,1.395346,100.0,0.139535
Main,U8,1,+3V3,0.133935,0.133935,100.0,0.013394
Main,U8,2,GND,0.133935,0.133935,100.0,0.013394
Main,U8,3,HALL_EN,0.133935,0.133935,100.0,0.013394
Main,U8,4,HALL_M,0.133935,0.133935,100.0,0.013394
Main,U8,5,GND,0.48,0.430854,89.76,0.043085
Main,C27,1,WD_RCEXT,0.810672,0.810672,100.0,0.081067
Main,C27,2,WD_CEXT,0.810672,0.810672,100.0,0.081067
Main,SW2,1,BOOT,2.045346,2.045346,100.0,0.204535
Main,SW2,2,GND,2.045346,2.045346,100.0,0.204535
Main,R133,1,OPT_3V3,0.72485,0.72485,100.0,0.072485
Main,R133,2,OPT_SCLK,0.72485,0.72485,100.0,0.072485
Main,R48,1,ACT_REQ,0.72485,0.72485,100.0,0.072485
Main,R48,2,GND,0.72485,0.72485,100.0,0.072485
Main,R99,1,ENC_3V3,0.72485,0.72485,100.0,0.072485
Main,R99,2,ENC_CS_LOCAL,0.72485,0.72485,100.0,0.072485
Main,C79,1,OPT_RAMP_CT,0.810672,0.810672,100.0,0.081067
Main,C79,2,GND,0.810672,0.810672,100.0,0.081067
Main,C3,1,+3V3,1.395346,1.395346,100.0,0.139535
Main,C3,2,GND,1.395346,1.395346,100.0,0.139535
Main,R74,1,+3V3,0.72485,0.72485,100.0,0.072485
Main,R74,2,CS_ADC2,0.72485,0.72485,100.0,0.072485
Main,C11,1,ACT_5V,1.395346,1.395346,100.0,0.139535
Main,C11,2,GND,1.395346,1.395346,100.0,0.139535
Main,R66,1,VBUS_GATE,0.72485,0.72485,100.0,0.072485
Main,R66,2,GND,0.72485,0.72485,100.0,0.072485
Main,C38,1,ACT_5V,1.395346,1.395346,100.0,0.139535
Main,C38,2,GND,1.395346,1.395346,100.0,0.139535
Main,R44,1,USB_FAULT_N,0.72485,0.72485,100.0,0.072485
Main,R44,2,MCU_EN,0.72485,0.72485,100.0,0.072485
Main,R38,1,ACT_UV_2,0.72485,0.72485,100.0,0.072485
Main,R38,2,ACT_UVLO,0.72485,0.72485,100.0,0.072485
Main,R134,1,OPT_MOSI,0.72485,0.72485,100.0,0.072485
Main,R134,2,GND,0.72485,0.72485,100.0,0.072485
Main,C36,1,ACT_VMON,0.810672,0.810672,100.0,0.081067
Main,C36,2,GND,0.810672,0.810672,100.0,0.081067
Main,R20,1,BTN_R_IN1,0.72485,0.72485,100.0,0.072485
Main,R20,2,GND,0.72485,0.72485,100.0,0.072485
Main,R60,1,USB_ILM,0.72485,0.72485,100.0,0.072485
Main,R60,2,ILM_HIGH_D,0.72485,0.72485,100.0,0.072485
Main,R18,1,BTN_M_ISENSE,0.72485,0.72485,100.0,0.072485
Main,R18,2,GND,0.72485,0.72485,100.0,0.072485
Main,R32,1,USB_OV_1,0.72485,0.72485,100.0,0.072485
Main,R32,2,USB_OV_2,0.72485,0.72485,100.0,0.072485
Main,R76,1,+3V3,0.72485,0.72485,100.0,0.072485
Main,R76,2,CS_DRV8316,0.72485,0.72485,100.0,0.072485
Main,U15,1,GND,0.430622,0.430622,100.0,0.043062
Main,U15,2,ACT_HEARTBEAT,0.430622,0.430622,100.0,0.043062
Main,U15,3,ARM_VALID,0.430622,0.430622,100.0,0.043062
Main,U15,4,GND,0.430622,0.430622,100.0,0.043062
Main,U15,5,ACT_PERMIT,0.430622,0.430622,100.0,0.043062
Main,U15,6,WD_CEXT,0.430622,0.430622,100.0,0.043062
Main,U15,7,WD_RCEXT,0.430622,0.430622,100.0,0.043062
Main,U15,8,+3V3,0.430622,0.430622,100.0,0.043062
Main,C6,1,+3V3,0.810672,0.810672,100.0,0.081067
Main,C6,2,GND,0.810672,0.810672,100.0,0.081067
Main,R130,1,RGB_5V,0.72485,0.72485,100.0,0.072485
Main,R130,2,GND,0.72485,0.72485,100.0,0.072485
Main,C21,1,ADC_DECAP,0.810672,0.810672,100.0,0.081067
Main,C21,2,GND,0.810672,0.810672,100.0,0.081067
Main,C32,1,+3V3,0.810672,0.810672,100.0,0.081067
Main,C32,2,GND,0.810672,0.810672,100.0,0.081067
Main,C16,1,+3V3,0.810672,0.810672,100.0,0.081067
Main,C16,2,GND,0.810672,0.810672,100.0,0.081067
Main,D4,1,ACT_VMON,0.865088,0.865088,100.0,0.086509
Main,D4,2,,0.865088,0.865088,100.0,0.086509
Main,D4,3,+3V3,0.865088,0.865088,100.0,0.086509
Main,R5,1,MCU_USB_DM,0.72485,0.72485,100.0,0.072485
Main,R5,2,USB_DM,0.72485,0.72485,100.0,0.072485
Main,R37,1,ACT_UV_1,0.72485,0.72485,100.0,0.072485
Main,R37,2,ACT_UV_2,0.72485,0.72485,100.0,0.072485
Main,R3,1,+3V3,0.72485,0.72485,100.0,0.072485
Main,R3,2,MCU_EN,0.72485,0.72485,100.0,0.072485
Main,C35,1,VBUS_GATE,0.810672,0.810672,100.0,0.081067
Main,C35,2,GND,0.810672,0.810672,100.0,0.081067
Main,U34,1,unconnected-(U34-NC-Pad1),0.775088,0.775088,100.0,0.077509
Main,U34,2,RGB_DATA,0.775088,0.775088,100.0,0.077509
Main,U34,3,GND,0.775088,0.775088,100.0,0.077509
Main,U34,4,RGB_BUFFER_OUT,0.775088,0.775088,100.0,0.077509
Main,U34,5,RGB_5V,0.775088,0.775088,100.0,0.077509
Main,C76,1,RGB_5V,0.810672,0.810672,100.0,0.081067
Main,C76,2,GND,0.810672,0.810672,100.0,0.081067
Main,R14,1,BTN_M_IN1,0.72485,0.72485,100.0,0.072485
Main,R14,2,GND,0.72485,0.72485,100.0,0.072485
Main,U3,1,GND,0.32,0.32,100.0,0.032
Main,U3,2,GND,0.32,0.32,100.0,0.032
Main,U3,3,+3V3,0.32,0.32,100.0,0.032
Main,U3,4,BOOT,0.32,0.32,100.0,0.032
Main,U3,5,VBUS_PRESENT_N,0.32,0.32,100.0,0.032
Main,U3,6,CS_PAW,0.32,0.32,100.0,0.032
Main,U3,7,WHEEL_RUN_REQ,0.32,0.32,100.0,0.032
Main,U3,8,BTN_L_CMD1,0.32,0.32,100.0,0.032
Main,U3,9,BTN_L_CMD2,0.32,0.32,100.0,0.032
Main,U3,10,BTN_M_CMD1,0.32,0.32,100.0,0.032
Main,U3,11,BTN_M_CMD2,0.32,0.32,100.0,0.032
Main,U3,12,BTN_R_CMD1,0.32,0.32,100.0,0.032
Main,U3,13,BTN_R_CMD2,0.32,0.32,100.0,0.032
Main,U3,14,ADC_CS,0.32,0.32,100.0,0.032
Main,U3,15,SPI_MOSI,0.32,0.32,100.0,0.032
Main,U3,16,SPI_SCLK,0.32,0.32,100.0,0.032
Main,U3,17,SPI_MISO,0.32,0.32,100.0,0.032
Main,U3,18,CC_OUT1,0.32,0.32,100.0,0.032
Main,U3,19,CC_OUT2,0.32,0.32,100.0,0.032
Main,U3,20,ACT_REQ,0.32,0.32,100.0,0.032
Main,U3,21,ACT_HEARTBEAT,0.32,0.32,100.0,0.032
Main,U3,22,SENS_REQ,0.32,0.32,100.0,0.032
Main,U3,23,MCU_USB_DM,0.32,0.32,100.0,0.032
Main,U3,24,MCU_USB_DP,0.32,0.32,100.0,0.032
Main,U3,25,CS_IMU,0.32,0.32,100.0,0.032
Main,U3,26,OPT_CTRL,0.32,0.32,100.0,0.032
Main,U3,27,WHEEL_PWM_B,0.32,0.32,100.0,0.032
Main,U3,28,MOTOR_SPI_MOSI,0.32,0.32,100.0,0.032
Main,U3,29,MOTOR_SPI_SCLK,0.32,0.32,100.0,0.032
Main,U3,30,WHEEL_PWM_C,0.32,0.32,100.0,0.032
Main,U3,31,MOTOR_SPI_MISO,0.32,0.32,100.0,0.032
Main,U3,32,CS_ADC2,0.32,0.32,100.0,0.032
Main,U3,33,CS_MA735,0.32,0.32,100.0,0.032
Main,U3,34,CS_DRV8316,0.32,0.32,100.0,0.032
Main,U3,35,PAW_MOTION_N,0.32,0.32,100.0,0.032
Main,U3,36,IMU_INT1,0.32,0.32,100.0,0.032
Main,U3,37,DRV_FAULT_N,0.32,0.32,100.0,0.032
Main,U3,38,WHEEL_PWM_A,0.32,0.32,100.0,0.032
Main,U3,39,UART_TX,0.32,0.32,100.0,0.032
Main,U3,40,UART_RX,0.32,0.32,100.0,0.032
Main,U3,41,RGB_DATA,0.32,0.32,100.0,0.032
Main,U3,42,GND,0.32,0.32,100.0,0.032
Main,U3,43,GND,0.32,0.32,100.0,0.032
Main,U3,44,BOOT_SAFE_SPARE,0.32,0.32,100.0,0.032
Main,U3,45,MCU_EN,0.32,0.32,100.0,0.032
Main,U3,46,GND,0.32,0.32,100.0,0.032
Main,U3,47,GND,0.32,0.32,100.0,0.032
Main,U3,48,GND,0.32,0.32,100.0,0.032
Main,U3,49,GND,0.32,0.32,100.0,0.032
Main,U3,50,GND,0.32,0.32,100.0,0.032
Main,U3,51,GND,0.32,0.32,100.0,0.032
Main,U3,52,GND,0.32,0.32,100.0,0.032
Main,U3,53,GND,0.32,0.32,100.0,0.032
Main,U3,54,GND,0.32,0.32,100.0,0.032
Main,U3,55,GND,0.32,0.32,100.0,0.032
Main,U3,56,GND,0.32,0.32,100.0,0.032
Main,U3,57,GND,0.32,0.32,100.0,0.032
Main,U3,58,GND,0.32,0.32,100.0,0.032
Main,U3,59,GND,0.32,0.32,100.0,0.032
Main,U3,60,GND,0.32,0.32,100.0,0.032
Main,U3,61,GND,1.361592,1.361592,100.0,0.136159
Main,U3,61,GND,1.44,1.44,100.0,0.144
Main,U3,61,GND,1.44,1.44,100.0,0.144
Main,U3,61,GND,1.44,1.44,100.0,0.144
Main,U3,61,GND,1.44,1.44,100.0,0.144
Main,U3,61,GND,1.44,1.44,100.0,0.144
Main,U3,61,GND,1.44,1.44,100.0,0.144
Main,U3,61,GND,1.44,1.44,100.0,0.144
Main,U3,61,GND,1.44,1.44,100.0,0.144
Main,U3,62,GND,0.64,0.64,100.0,0.064
Main,U3,63,GND,0.64,0.64,100.0,0.064
Main,U3,64,GND,0.64,0.64,100.0,0.064
Main,U3,65,GND,0.64,0.64,100.0,0.064
Main,R31,1,VBUS_USB,0.72485,0.72485,100.0,0.072485
Main,R31,2,USB_OV_1,0.72485,0.72485,100.0,0.072485
Main,R132,1,OPT_1V9,0.72485,0.72485,100.0,0.072485
Main,R132,2,OPT_LED_P,0.72485,0.72485,100.0,0.072485
Main,R68,1,ACT_VMON,0.72485,0.72485,100.0,0.072485
Main,R68,2,GND,0.72485,0.72485,100.0,0.072485
Main,R73,1,+3V3,0.72485,0.72485,100.0,0.072485
Main,R73,2,CS_IMU,0.72485,0.72485,100.0,0.072485
Main,R23,1,BTN_R_VREF,0.72485,0.72485,100.0,0.072485
Main,R23,2,GND,0.72485,0.72485,100.0,0.072485
Main,R10,1,+3V3,0.72485,0.72485,100.0,0.072485
Main,R10,2,BTN_L_VREF,0.72485,0.72485,100.0,0.072485
Main,R53,1,BTN_M_CMD2,0.72485,0.72485,100.0,0.072485
Main,R53,2,GND,0.72485,0.72485,100.0,0.072485
Main,C29,1,+3V3,0.810672,0.810672,100.0,0.081067
Main,C29,2,GND,0.810672,0.810672,100.0,0.081067
Main,C20,1,+3V3,0.810672,0.810672,100.0,0.081067
Main,C20,2,GND,0.810672,0.810672,100.0,0.081067
Main,C7,1,ACT_5V,0.810672,0.810672,100.0,0.081067
Main,C7,2,GND,0.810672,0.810672,100.0,0.081067
Main,R6,1,MCU_USB_DP,0.72485,0.72485,100.0,0.072485
Main,R6,2,USB_DP,0.72485,0.72485,100.0,0.072485
Main,C88,1,PWR_5V,1.395346,1.395346,100.0,0.139535
Main,C88,2,GND,1.395346,1.395346,100.0,0.139535
Main,C30,1,+3V3,0.810672,0.810672,100.0,0.081067
Main,C30,2,GND,0.810672,0.810672,100.0,0.081067
Main,C8,1,ACT_5V,1.395346,1.395346,100.0,0.139535
Main,C8,2,GND,1.395346,1.395346,100.0,0.139535
Main,R35,1,USB_OVLO,0.72485,0.72485,100.0,0.072485
Main,R35,2,GND,0.72485,0.72485,100.0,0.072485
Main,C28,1,+3V3,0.810672,0.810672,100.0,0.081067
Main,C28,2,GND,0.810672,0.810672,100.0,0.081067
Main,C17,1,+3V3,0.810672,0.810672,100.0,0.081067
Main,C17,2,GND,0.810672,0.810672,100.0,0.081067
Main,C55,1,ENC_3V3,0.810672,0.810672,100.0,0.081067
Main,C55,2,GND,0.810672,0.810672,100.0,0.081067
Main,C13,1,ACT_5V,0.810672,0.810672,100.0,0.081067
Main,C13,2,GND,0.810672,0.810672,100.0,0.081067
Main,C26,1,ACT_DVDT,0.810672,0.810672,100.0,0.081067
Main,C26,2,GND,0.810672,0.810672,100.0,0.081067
Main,R101,1,ENC_MISO_LOCAL,0.72485,0.72485,100.0,0.072485
Main,R101,2,GND,0.72485,0.72485,100.0,0.072485
Main,R59,1,USB_ILM,0.72485,0.72485,100.0,0.072485
Main,R59,2,ILM_MED_D,0.72485,0.72485,100.0,0.072485
Main,R77,1,WHEEL_RUN_REQ,0.72485,0.72485,100.0,0.072485
Main,R77,2,GND,0.72485,0.72485,100.0,0.072485
Main,U12,1,USB_UVLO,0.177654,0.167913,94.52,0.016791
Main,U12,1,USB_UVLO,0.160154,0.150779,94.15,0.015078
Main,U12,2,USB_OVLO,0.147654,0.147654,100.0,0.014765
Main,U12,3,unconnected-(U12-AUXOFF-Pad3),0.147654,0.147654,100.0,0.014765
Main,U12,4,USB_FAULT_N,0.177654,0.167913,94.52,0.016791
Main,U12,4,USB_FAULT_N,0.160154,0.150779,94.15,0.015078
Main,U12,5,VBUS_USB,0.717654,0.588907,82.06,0.058891
Main,U12,6,PWR_5V,0.717654,0.588907,82.06,0.058891
Main,U12,7,USB_DVDT,0.160154,0.150779,94.15,0.015078
Main,U12,7,USB_DVDT,0.177654,0.167913,94.52,0.016791
Main,U12,8,GND,0.147654,0.147654,100.0,0.014765
Main,U12,9,USB_ILM,0.147654,0.147654,100.0,0.014765
Main,U12,10,unconnected-(U12-ITIMER-Pad10),0.160154,0.150779,94.15,0.015078
Main,U12,10,unconnected-(U12-ITIMER-Pad10),0.177654,0.167913,94.52,0.016791
Main,R26,1,+3V3,0.72485,0.72485,100.0,0.072485
Main,R26,2,CC_OUT1,0.72485,0.72485,100.0,0.072485
Main,U25,1,CS_DRV8316,0.581041,0.581041,100.0,0.058104
Main,U25,2,DRV_MISO_LOCAL,0.581041,0.581041,100.0,0.058104
Main,U25,3,SPI_MISO,0.581041,0.581041,100.0,0.058104
Main,U25,4,CS_MA735,0.581041,0.581041,100.0,0.058104
Main,U25,5,ENC_MISO_LOCAL,0.581041,0.581041,100.0,0.058104
Main,U25,6,SPI_MISO,0.581041,0.581041,100.0,0.058104
Main,U25,7,GND,0.581041,0.581041,100.0,0.058104
Main,U25,8,MOTOR_SPI_MISO,0.581041,0.581041,100.0,0.058104
Main,U25,9,ADC2_MISO_LOCAL,0.581041,0.581041,100.0,0.058104
Main,U25,10,CS_ADC2,0.581041,0.581041,100.0,0.058104
Main,U25,11,DRV_FAULT_N,0.581041,0.581041,100.0,0.058104
Main,U25,12,DRV_FAULT_LOCAL_N,0.581041,0.581041,100.0,0.058104
Main,U25,13,GND,0.581041,0.581041,100.0,0.058104
Main,U25,14,+3V3,0.581041,0.581041,100.0,0.058104
Main,C82,1,OPT_1V9,0.810672,0.810672,100.0,0.081067
Main,C82,2,GND,0.810672,0.810672,100.0,0.081067
Main,R46,1,+3V3,0.72485,0.72485,100.0,0.072485
Main,R46,2,WD_RCEXT,0.72485,0.72485,100.0,0.072485
Main,R136,1,OPT_3V3,0.72485,0.72485,100.0,0.072485
Main,R136,2,PAW_MOTION_N,0.72485,0.72485,100.0,0.072485
Main,R34,1,USB_OV_3,0.72485,0.72485,100.0,0.072485
Main,R34,2,USB_OVLO,0.72485,0.72485,100.0,0.072485
Main,C14,1,ACT_5V,1.395346,1.395346,100.0,0.139535
Main,C14,2,GND,1.395346,1.395346,100.0,0.139535
Main,R36,1,PWR_5V,0.72485,0.72485,100.0,0.072485
Main,R36,2,ACT_UV_1,0.72485,0.72485,100.0,0.072485
Main,D1,1,VBUS_USB,5.695346,5.695346,100.0,0.569535
Main,D1,2,GND,5.695346,5.695346,100.0,0.569535
Main,R141,1,DRV_FAULT_LOCAL_N,0.72485,0.72485,100.0,0.072485
Main,R141,2,GND,0.72485,0.72485,100.0,0.072485
Main,R45,1,ACT_FAULT_N,0.72485,0.72485,100.0,0.072485
Main,R45,2,MCU_EN,0.72485,0.72485,100.0,0.072485
Main,R11,1,BTN_L_VREF,0.72485,0.72485,100.0,0.072485
Main,R11,2,GND,0.72485,0.72485,100.0,0.072485
Main,R58,1,ILM_BASE_2,0.72485,0.72485,100.0,0.072485
Main,R58,2,GND,0.72485,0.72485,100.0,0.072485
Main,R128,1,RGB_BUFFER_OUT,0.72485,0.72485,100.0,0.072485
Main,R128,2,RGB_DIN,0.72485,0.72485,100.0,0.072485
Main,C25,1,USB_DVDT,0.810672,0.810672,100.0,0.081067
Main,C25,2,GND,0.810672,0.810672,100.0,0.081067
Main,U28,1,+3V3,0.351872,0.351872,100.0,0.035187
Main,U28,2,GND,0.351872,0.351872,100.0,0.035187
Main,U28,3,HALL_EN,0.351872,0.351872,100.0,0.035187
Main,U28,4,unconnected-(U28-NC-Pad4),0.351872,0.351872,100.0,0.035187
Main,U28,5,ENC_QOD,0.351872,0.351872,100.0,0.035187
Main,U28,6,ENC_3V3,0.351872,0.351872,100.0,0.035187
Main,R78,1,RGB_DATA,0.72485,0.72485,100.0,0.072485
Main,R78,2,GND,0.72485,0.72485,100.0,0.072485
Main,C71,1,+3V3,0.810672,0.810672,100.0,0.081067
Main,C71,2,GND,0.810672,0.810672,100.0,0.081067
Main,C81,1,OPT_3V3,0.810672,0.810672,100.0,0.081067
Main,C81,2,GND,0.810672,0.810672,100.0,0.081067
Main,R79,1,OPT_CTRL,0.72485,0.72485,100.0,0.072485
Main,R79,2,GND,0.72485,0.72485,100.0,0.072485
Main,C86,1,OPT_3V3,0.810672,0.810672,100.0,0.081067
Main,C86,2,GND,0.810672,0.810672,100.0,0.081067
Main,R129,1,RGB_DIN,0.72485,0.72485,100.0,0.072485
Main,R129,2,GND,0.72485,0.72485,100.0,0.072485
Main,C40,1,ACT_5V,1.395346,1.395346,100.0,0.139535
Main,C40,2,GND,1.395346,1.395346,100.0,0.139535
Main,U4,1,BTN_L_ISENSE,0.146435,0.146435,100.0,0.014644
Main,U4,2,BTN_L_IN2,0.146435,0.146435,100.0,0.014644
Main,U4,3,BTN_L_IN1,0.146435,0.146435,100.0,0.014644
Main,U4,4,BTN_L_VREF,0.146435,0.146435,100.0,0.014644
Main,U4,5,ACT_5V,0.146435,0.146435,100.0,0.014644
Main,U4,6,BTN_L_COIL_P,0.146435,0.146435,100.0,0.014644
Main,U4,7,GND,0.146435,0.146435,100.0,0.014644
Main,U4,8,BTN_L_COIL_N,0.146435,0.146435,100.0,0.014644
Main,U4,9,GND,1.44,1.255307,87.17,0.125531
Main,R30,1,USB_UVLO,0.72485,0.72485,100.0,0.072485
Main,R30,2,GND,0.72485,0.72485,100.0,0.072485
Main,C39,1,ACT_5V,1.395346,1.395346,100.0,0.139535
Main,C39,2,GND,1.395346,1.395346,100.0,0.139535
Main,C15,1,BTN_R_VREF,0.810672,0.810672,100.0,0.081067
Main,C15,2,GND,0.810672,0.810672,100.0,0.081067
Main,R57,1,ILM_BASE_1,0.72485,0.72485,100.0,0.072485
Main,R57,2,ILM_BASE_2,0.72485,0.72485,100.0,0.072485
Main,R56,1,USB_ILM,0.72485,0.72485,100.0,0.072485
Main,R56,2,ILM_BASE_1,0.72485,0.72485,100.0,0.072485
Main,Q1,1,SOURCE_OK,0.865088,0.865088,100.0,0.086509
Main,Q1,2,GND,0.865088,0.865088,100.0,0.086509
Main,Q1,3,ILM_MED_D,0.865088,0.865088,100.0,0.086509
Main,C75,1,RGB_5V,0.810672,0.810672,100.0,0.081067
Main,C75,2,GND,0.810672,0.810672,100.0,0.081067
Main,R22,1,+3V3,0.72485,0.72485,100.0,0.072485
Main,R22,2,BTN_R_VREF,0.72485,0.72485,100.0,0.072485
Main,U19,1,USB_IMON_BUF,0.775088,0.775088,100.0,0.077509
Main,U19,2,GND,0.775088,0.775088,100.0,0.077509
Main,U19,3,USB_ILM,0.775088,0.775088,100.0,0.077509
Main,U19,4,USB_IMON_BUF,0.775088,0.775088,100.0,0.077509
Main,U19,5,+3V3,0.775088,0.775088,100.0,0.077509
Main,C83,1,OPT_1V9,0.810672,0.810672,100.0,0.081067
Main,C83,2,GND,0.810672,0.810672,100.0,0.081067
Main,C24,1,VBUS_USB,0.810672,0.810672,100.0,0.081067
Main,C24,2,GND,0.810672,0.810672,100.0,0.081067
Main,R67,1,ACT_5V,0.72485,0.72485,100.0,0.072485
Main,R67,2,ACT_VMON,0.72485,0.72485,100.0,0.072485
Main,D2,1,ACT_5V,5.695346,5.695346,100.0,0.569535
Main,D2,2,GND,5.695346,5.695346,100.0,0.569535
Main,C80,1,OPT_3V3,0.810672,0.810672,100.0,0.081067
Main,C80,2,GND,0.810672,0.810672,100.0,0.081067
Main,R24,1,BTN_R_ISENSE,0.72485,0.72485,100.0,0.072485
Main,R24,2,GND,0.72485,0.72485,100.0,0.072485
Main,C63,1,+3V3,0.810672,0.810672,100.0,0.081067
Main,C63,2,GND,0.810672,0.810672,100.0,0.081067
Main,R33,1,USB_OV_2,0.72485,0.72485,100.0,0.072485
Main,R33,2,USB_OV_3,0.72485,0.72485,100.0,0.072485
Main,R17,1,BTN_M_VREF,0.72485,0.72485,100.0,0.072485
Main,R17,2,GND,0.72485,0.72485,100.0,0.072485
Main,R80,1,BOOT_SAFE_SPARE,0.72485,0.72485,100.0,0.072485
Main,R80,2,GND,0.72485,0.72485,100.0,0.072485
Main,U29,1,GND,0.581041,0.581041,100.0,0.058104
Main,U29,2,SPI_SCLK,0.581041,0.581041,100.0,0.058104
Main,U29,3,ENC_SCLK_LOCAL,0.581041,0.581041,100.0,0.058104
Main,U29,4,GND,0.581041,0.581041,100.0,0.058104
Main,U29,5,SPI_MOSI,0.581041,0.581041,100.0,0.058104
Main,U29,6,ENC_MOSI_LOCAL,0.581041,0.581041,100.0,0.058104
Main,U29,7,GND,0.581041,0.581041,100.0,0.058104
Main,U29,8,ENC_CS_LOCAL,0.581041,0.581041,100.0,0.058104
Main,U29,9,CS_MA735,0.581041,0.581041,100.0,0.058104
Main,U29,10,GND,0.581041,0.581041,100.0,0.058104
Main,U29,11,unconnected-(U29-4Y-Pad11),0.581041,0.581041,100.0,0.058104
Main,U29,12,GND,0.581041,0.581041,100.0,0.058104
Main,U29,13,ENC_3V3,0.581041,0.581041,100.0,0.058104
Main,U29,14,ENC_3V3,0.581041,0.581041,100.0,0.058104
Main,R55,1,BTN_R_CMD2,0.72485,0.72485,100.0,0.072485
Main,R55,2,GND,0.72485,0.72485,100.0,0.072485
Main,C5,1,+3V3,1.395346,1.395346,100.0,0.139535
Main,C5,2,GND,1.395346,1.395346,100.0,0.139535
Main,R12,1,BTN_L_ISENSE,0.72485,0.72485,100.0,0.072485
Main,R12,2,GND,0.72485,0.72485,100.0,0.072485
Main,R7,1,+3V3,0.72485,0.72485,100.0,0.072485
Main,R7,2,ADC_CS,0.72485,0.72485,100.0,0.072485
Main,R61,1,USB_ILM,0.72485,0.72485,100.0,0.072485
Main,R61,2,ILM_HIGH_D,0.72485,0.72485,100.0,0.072485
Main,R9,1,BTN_L_IN2,0.72485,0.72485,100.0,0.072485
Main,R9,2,GND,0.72485,0.72485,100.0,0.072485
Main,R75,1,+3V3,0.72485,0.72485,100.0,0.072485
Main,R75,2,CS_MA735,0.72485,0.72485,100.0,0.072485
Main,U5,1,BTN_M_ISENSE,0.146435,0.146435,100.0,0.014644
Main,U5,2,BTN_M_IN2,0.146435,0.146435,100.0,0.014644
Main,U5,3,BTN_M_IN1,0.146435,0.146435,100.0,0.014644
Main,U5,4,BTN_M_VREF,0.146435,0.146435,100.0,0.014644
Main,U5,5,ACT_5V,0.146435,0.146435,100.0,0.014644
Main,U5,6,BTN_M_COIL_P,0.146435,0.146435,100.0,0.014644
Main,U5,7,GND,0.146435,0.146435,100.0,0.014644
Main,U5,8,BTN_M_COIL_N,0.146435,0.146435,100.0,0.014644
Main,U5,9,GND,1.44,1.255307,87.17,0.125531
Main,U13,1,ACT_UVLO,0.177654,0.167913,94.52,0.016791
Main,U13,1,ACT_UVLO,0.160154,0.150779,94.15,0.015078
Main,U13,2,ACT_OVLO,0.147654,0.147654,100.0,0.014765
Main,U13,3,unconnected-(U13-AUXOFF-Pad3),0.147654,0.147654,100.0,0.014765
Main,U13,4,ACT_FAULT_N,0.177654,0.167913,94.52,0.016791
Main,U13,4,ACT_FAULT_N,0.160154,0.150779,94.15,0.015078
Main,U13,5,PWR_5V,0.717654,0.588907,82.06,0.058891
Main,U13,6,ACT_5V,0.717654,0.588907,82.06,0.058891
Main,U13,7,ACT_DVDT,0.160154,0.150779,94.15,0.015078
Main,U13,7,ACT_DVDT,0.177654,0.167913,94.52,0.016791
Main,U13,8,GND,0.147654,0.147654,100.0,0.014765
Main,U13,9,ACT_ILM,0.147654,0.147654,100.0,0.014765
Main,U13,10,unconnected-(U13-ITIMER-Pad10),0.160154,0.150779,94.15,0.015078
Main,U13,10,unconnected-(U13-ITIMER-Pad10),0.177654,0.167913,94.52,0.016791
Main,R21,1,BTN_R_IN2,0.72485,0.72485,100.0,0.072485
Main,R21,2,GND,0.72485,0.72485,100.0,0.072485
Main,R127,1,+3V3,0.72485,0.72485,100.0,0.072485
Main,R127,2,IMU_INT1,0.72485,0.72485,100.0,0.072485
Main,R142,1,DRV_MISO_LOCAL,0.72485,0.72485,100.0,0.072485
Main,R142,2,GND,0.72485,0.72485,100.0,0.072485
Wheel,R123,1,ACT_5V,4.049096,4.049096,100.0,0.40491
Wheel,R123,2,BRAKE_DRAIN,4.049096,4.049096,100.0,0.40491
Wheel,R139,1,WHEEL_PWM_B,0.72485,0.72485,100.0,0.072485
Wheel,R139,2,GND,0.72485,0.72485,100.0,0.072485
Wheel,R102,1,WHEEL_SOA,0.72485,0.72485,100.0,0.072485
Wheel,R102,2,WHEEL_I_A,0.72485,0.72485,100.0,0.072485
Wheel,U22,1,ACT_DRIVE_EN,0.581041,0.581041,100.0,0.058104
Wheel,U22,2,WHEEL_RUN_REQ,0.581041,0.581041,100.0,0.058104
Wheel,U22,3,WHEEL_RUN_EN,0.581041,0.581041,100.0,0.058104
Wheel,U22,4,WHEEL_PWM_A,0.581041,0.581041,100.0,0.058104
Wheel,U22,5,WHEEL_RUN_EN,0.581041,0.581041,100.0,0.058104
Wheel,U22,6,DRV_INHA,0.581041,0.581041,100.0,0.058104
Wheel,U22,7,GND,0.581041,0.581041,100.0,0.058104
Wheel,U22,8,DRV_INHB,0.581041,0.581041,100.0,0.058104
Wheel,U22,9,WHEEL_PWM_B,0.581041,0.581041,100.0,0.058104
Wheel,U22,10,WHEEL_RUN_EN,0.581041,0.581041,100.0,0.058104
Wheel,U22,11,DRV_INHC,0.581041,0.581041,100.0,0.058104
Wheel,U22,12,WHEEL_PWM_C,0.581041,0.581041,100.0,0.058104
Wheel,U22,13,WHEEL_RUN_EN,0.581041,0.581041,100.0,0.058104
Wheel,U22,14,+3V3,0.581041,0.581041,100.0,0.058104
Wheel,C45,1,ACT_5V,1.395346,1.395346,100.0,0.139535
Wheel,C45,2,GND,1.395346,1.395346,100.0,0.139535
Wheel,R138,1,WHEEL_PWM_A,0.72485,0.72485,100.0,0.072485
Wheel,R138,2,GND,0.72485,0.72485,100.0,0.072485
Wheel,R97,1,MOTOR_SPI_MOSI,0.72485,0.72485,100.0,0.072485
Wheel,R97,2,GND,0.72485,0.72485,100.0,0.072485
Wheel,R144,1,CS_DRV8316,0.72485,0.72485,100.0,0.072485
Wheel,R144,2,GND,0.72485,0.72485,100.0,0.072485
Wheel,R100,1,ADC2_MISO_LOCAL,0.72485,0.72485,100.0,0.072485
Wheel,R100,2,GND,0.72485,0.72485,100.0,0.072485
Wheel,R107,1,ADC2_SPARE5,0.72485,0.72485,100.0,0.072485
Wheel,R107,2,GND,0.72485,0.72485,100.0,0.072485
Wheel,R96,1,MOTOR_SPI_SCLK,0.72485,0.72485,100.0,0.072485
Wheel,R96,2,GND,0.72485,0.72485,100.0,0.072485
Wheel,C46,1,WHEEL_CP,0.810672,0.810672,100.0,0.081067
Wheel,C46,2,ACT_5V,0.810672,0.810672,100.0,0.081067
Wheel,R87,1,DRV_AVDD,0.72485,0.72485,100.0,0.072485
Wheel,R87,2,DRV_MISO_LOCAL,0.72485,0.72485,100.0,0.072485
Wheel,C60,1,WHEEL_I_B,0.810672,0.810672,100.0,0.081067
Wheel,C60,2,GND,0.810672,0.810672,100.0,0.081067
Wheel,D6,1,ACT_5V,5.695346,5.695346,100.0,0.569535
Wheel,D6,2,GND,5.695346,5.695346,100.0,0.569535
Wheel,R113,1,BRAKE_DIV_TOP,0.72485,0.72485,100.0,0.072485
Wheel,R113,2,BRAKE_SENSE,0.72485,0.72485,100.0,0.072485
Wheel,C48,1,DRV_AVDD,0.810672,0.810672,100.0,0.081067
Wheel,C48,2,GND,0.810672,0.810672,100.0,0.081067
Wheel,R89,1,DRV_FAULT_LOCAL_N,0.72485,0.72485,100.0,0.072485
Wheel,R89,2,GND,0.72485,0.72485,100.0,0.072485
Wheel,C43,1,ACT_5V,0.810672,0.810672,100.0,0.081067
Wheel,C43,2,GND,0.810672,0.810672,100.0,0.081067
Wheel,R115,1,BRAKE_OUT,0.72485,0.72485,100.0,0.072485
Wheel,R115,2,BRAKE_FB_1,0.72485,0.72485,100.0,0.072485
Wheel,R111,1,ACT_5V,0.72485,0.72485,100.0,0.072485
Wheel,R111,2,BRAKE_REF,0.72485,0.72485,100.0,0.072485
Wheel,U30,1,BRAKE_OUT,0.775088,0.775088,100.0,0.077509
Wheel,U30,2,GND,0.775088,0.775088,100.0,0.077509
Wheel,U30,3,BRAKE_SENSE,0.775088,0.775088,100.0,0.077509
Wheel,U30,4,BRAKE_REF,0.775088,0.775088,100.0,0.077509
Wheel,U30,5,ACT_5V,0.775088,0.775088,100.0,0.077509
Wheel,R103,1,WHEEL_SOB,0.72485,0.72485,100.0,0.072485
Wheel,R103,2,WHEEL_I_B,0.72485,0.72485,100.0,0.072485
Wheel,C61,1,WHEEL_I_C,0.810672,0.810672,100.0,0.081067
Wheel,C61,2,GND,0.810672,0.810672,100.0,0.081067
Wheel,C90,1,ACT_5V,5.545346,5.545346,100.0,0.554535
Wheel,C90,2,GND,5.545346,5.545346,100.0,0.554535
Wheel,R105,1,ADC2_SPARE3,0.72485,0.72485,100.0,0.072485
Wheel,R105,2,GND,0.72485,0.72485,100.0,0.072485
Wheel,C47,1,WHEEL_CPH,0.810672,0.810672,100.0,0.081067
Wheel,C47,2,WHEEL_CPL,0.810672,0.810672,100.0,0.081067
Wheel,C49,1,DRV_AVDD,0.810672,0.810672,100.0,0.081067
Wheel,C49,2,GND,0.810672,0.810672,100.0,0.081067
Wheel,R82,1,DRV_AVDD,0.72485,0.72485,100.0,0.072485
Wheel,R82,2,WHEEL_DRVOFF,0.72485,0.72485,100.0,0.072485
Wheel,R90,1,DRV_INHA,0.72485,0.72485,100.0,0.072485
Wheel,R90,2,GND,0.72485,0.72485,100.0,0.072485
Wheel,R121,1,ACT_5V,4.049096,4.049096,100.0,0.40491
Wheel,R121,2,BRAKE_DRAIN,4.049096,4.049096,100.0,0.40491
Wheel,R114,1,BRAKE_SENSE,0.72485,0.72485,100.0,0.072485
Wheel,R114,2,GND,0.72485,0.72485,100.0,0.072485
Wheel,R106,1,ADC2_SPARE4,0.72485,0.72485,100.0,0.072485
Wheel,R106,2,GND,0.72485,0.72485,100.0,0.072485
Wheel,R98,1,DRV_AVDD,0.72485,0.72485,100.0,0.072485
Wheel,R98,2,ADC2_CS_LOCAL,0.72485,0.72485,100.0,0.072485
Wheel,C59,1,WHEEL_I_A,0.810672,0.810672,100.0,0.081067
Wheel,C59,2,GND,0.810672,0.810672,100.0,0.081067
Wheel,R95,1,SPI_MOSI,0.72485,0.72485,100.0,0.072485
Wheel,R95,2,GND,0.72485,0.72485,100.0,0.072485
Wheel,R112,1,ACT_5V,0.72485,0.72485,100.0,0.072485
Wheel,R112,2,BRAKE_DIV_TOP,0.72485,0.72485,100.0,0.072485
Wheel,U21,1,unconnected-(U21-NC-Pad1),0.147654,0.147654,100.0,0.014765
Wheel,U21,2,GND,0.147654,0.147654,100.0,0.014765
Wheel,U21,3,WHEEL_BUCK_OUT,0.147654,0.147654,100.0,0.014765
Wheel,U21,4,GND,0.147654,0.147654,100.0,0.014765
Wheel,U21,5,WHEEL_BUCK_SW,0.147654,0.147654,100.0,0.014765
Wheel,U21,6,WHEEL_CPL,0.147654,0.147654,100.0,0.014765
Wheel,U21,7,WHEEL_CPH,0.147654,0.147654,100.0,0.014765
Wheel,U21,8,WHEEL_CP,0.147654,0.147654,100.0,0.014765
Wheel,U21,9,ACT_5V,0.147654,0.147654,100.0,0.014765
Wheel,U21,10,ACT_5V,0.147654,0.147654,100.0,0.014765
Wheel,U21,11,ACT_5V,0.147654,0.147654,100.0,0.014765
Wheel,U21,12,GND,0.147654,0.147654,100.0,0.014765
Wheel,U21,13,WHEEL_PHASE_A,0.147654,0.147654,100.0,0.014765
Wheel,U21,14,WHEEL_PHASE_A,0.147654,0.147654,100.0,0.014765
Wheel,U21,15,GND,0.147654,0.147654,100.0,0.014765
Wheel,U21,16,WHEEL_PHASE_B,0.147654,0.147654,100.0,0.014765
Wheel,U21,17,WHEEL_PHASE_B,0.147654,0.147654,100.0,0.014765
Wheel,U21,18,GND,0.147654,0.147654,100.0,0.014765
Wheel,U21,19,WHEEL_PHASE_C,0.147654,0.147654,100.0,0.014765
Wheel,U21,20,WHEEL_PHASE_C,0.147654,0.147654,100.0,0.014765
Wheel,U21,21,WHEEL_DRVOFF,0.147654,0.147654,100.0,0.014765
Wheel,U21,22,DRV_FAULT_LOCAL_N,0.147654,0.147654,100.0,0.014765
Wheel,U21,23,ACT_DRIVE_EN,0.147654,0.147654,100.0,0.014765
Wheel,U21,24,unconnected-(U21-NC-Pad24),0.147654,0.147654,100.0,0.014765
Wheel,U21,25,DRV_AVDD,0.147654,0.147654,100.0,0.014765
Wheel,U21,26,GND,0.147654,0.147654,100.0,0.014765
Wheel,U21,27,DRV_INHA,0.147654,0.147654,100.0,0.014765
Wheel,U21,28,WHEEL_RUN_EN,0.147654,0.147654,100.0,0.014765
Wheel,U21,29,DRV_INHB,0.147654,0.147654,100.0,0.014765
Wheel,U21,30,WHEEL_RUN_EN,0.147654,0.147654,100.0,0.014765
Wheel,U21,31,DRV_INHC,0.147654,0.147654,100.0,0.014765
Wheel,U21,32,WHEEL_RUN_EN,0.147654,0.147654,100.0,0.014765
Wheel,U21,33,DRV_MISO_LOCAL,0.147654,0.147654,100.0,0.014765
Wheel,U21,34,DRV_MOSI_LOCAL,0.147654,0.147654,100.0,0.014765
Wheel,U21,35,DRV_SCLK_LOCAL,0.147654,0.147654,100.0,0.014765
Wheel,U21,36,DRV_CS_LOCAL,0.147654,0.147654,100.0,0.014765
Wheel,U21,37,DRV_AVDD,0.147654,0.147654,100.0,0.014765
Wheel,U21,38,WHEEL_SOC,0.147654,0.147654,100.0,0.014765
Wheel,U21,39,WHEEL_SOB,0.147654,0.147654,100.0,0.014765
Wheel,U21,40,WHEEL_SOA,0.147654,0.147654,100.0,0.014765
Wheel,U21,41,GND,21.087654,14.461844,68.58,1.446184
Wheel,C56,1,DRV_AVDD,0.810672,0.810672,100.0,0.081067
Wheel,C56,2,GND,0.810672,0.810672,100.0,0.081067
Wheel,R92,1,DRV_INHC,0.72485,0.72485,100.0,0.072485
Wheel,R92,2,GND,0.72485,0.72485,100.0,0.072485
Wheel,U23,1,WHEEL_I_C,0.205185,0.205185,100.0,0.020519
Wheel,U23,2,ADC2_SPARE3,0.205185,0.205185,100.0,0.020519
Wheel,U23,3,ADC2_SPARE4,0.205185,0.205185,100.0,0.020519
Wheel,U23,4,ADC2_SPARE5,0.205185,0.205185,100.0,0.020519
Wheel,U23,5,ADC2_SPARE6,0.205185,0.205185,100.0,0.020519
Wheel,U23,6,ADC2_SPARE7,0.205185,0.205185,100.0,0.020519
Wheel,U23,7,DRV_AVDD,0.205185,0.205185,100.0,0.020519
Wheel,U23,8,ADC2_DECAP,0.205185,0.205185,100.0,0.020519
Wheel,U23,9,GND,0.205185,0.205185,100.0,0.020519
Wheel,U23,10,DRV_AVDD,0.205185,0.205185,100.0,0.020519
Wheel,U23,11,ADC2_CS_LOCAL,0.205185,0.205185,100.0,0.020519
Wheel,U23,12,ADC2_MISO_LOCAL,0.205185,0.205185,100.0,0.020519
Wheel,U23,13,ADC2_SCLK_LOCAL,0.205185,0.205185,100.0,0.020519
Wheel,U23,14,ADC2_MOSI_LOCAL,0.205185,0.205185,100.0,0.020519
Wheel,U23,15,WHEEL_I_A,0.205185,0.205185,100.0,0.020519
Wheel,U23,16,WHEEL_I_B,0.205185,0.205185,100.0,0.020519
Wheel,U23,17,GND,2.8224,2.400154,85.04,0.240015
Wheel,C67,1,BRAKE_SENSE,0.810672,0.810672,100.0,0.081067
Wheel,C67,2,GND,0.810672,0.810672,100.0,0.081067
Wheel,Q5,1,BRAKE_GATE,0.865088,0.865088,100.0,0.086509
Wheel,Q5,2,GND,0.865088,0.865088,100.0,0.086509
Wheel,Q5,3,BRAKE_DRAIN,0.865088,0.865088,100.0,0.086509
Wheel,R120,1,BRAKE_GATE,0.72485,0.72485,100.0,0.072485
Wheel,R120,2,GND,0.72485,0.72485,100.0,0.072485
Wheel,C41,1,ACT_5V,0.810672,0.810672,100.0,0.081067
Wheel,C41,2,GND,0.810672,0.810672,100.0,0.081067
Wheel,R81,1,WHEEL_BUCK_SW,0.72485,0.72485,100.0,0.072485
Wheel,R81,2,WHEEL_BUCK_OUT,0.72485,0.72485,100.0,0.072485
Wheel,C57,1,DRV_AVDD,0.810672,0.810672,100.0,0.081067
Wheel,C57,2,GND,0.810672,0.810672,100.0,0.081067
Wheel,R86,1,DRV_AVDD,0.72485,0.72485,100.0,0.072485
Wheel,R86,2,DRV_CS_LOCAL,0.72485,0.72485,100.0,0.072485
Wheel,R122,1,ACT_5V,4.049096,4.049096,100.0,0.40491
Wheel,R122,2,BRAKE_DRAIN,4.049096,4.049096,100.0,0.40491
Wheel,R83,1,WHEEL_RUN_EN,0.72485,0.72485,100.0,0.072485
Wheel,R83,2,GND,0.72485,0.72485,100.0,0.072485
Wheel,C52,1,DRV_AVDD,0.810672,0.810672,100.0,0.081067
Wheel,C52,2,GND,0.810672,0.810672,100.0,0.081067
Wheel,R104,1,WHEEL_SOC,0.72485,0.72485,100.0,0.072485
Wheel,R104,2,WHEEL_I_C,0.72485,0.72485,100.0,0.072485
Wheel,C66,1,BRAKE_REF,0.810672,0.810672,100.0,0.081067
Wheel,C66,2,GND,0.810672,0.810672,100.0,0.081067
Wheel,Q4,1,WHEEL_RUN_EN,0.865088,0.865088,100.0,0.086509
Wheel,Q4,2,GND,0.865088,0.865088,100.0,0.086509
Wheel,Q4,3,WHEEL_DRVOFF,0.865088,0.865088,100.0,0.086509
Wheel,R140,1,WHEEL_PWM_C,0.72485,0.72485,100.0,0.072485
Wheel,R140,2,GND,0.72485,0.72485,100.0,0.072485
Wheel,R117,1,BRAKE_FB_2,0.72485,0.72485,100.0,0.072485
Wheel,R117,2,BRAKE_SENSE,0.72485,0.72485,100.0,0.072485
Wheel,R88,1,DRV_AVDD,0.72485,0.72485,100.0,0.072485
Wheel,R88,2,DRV_FAULT_LOCAL_N,0.72485,0.72485,100.0,0.072485
Wheel,R109,1,ADC2_SPARE7,0.72485,0.72485,100.0,0.072485
Wheel,R109,2,GND,0.72485,0.72485,100.0,0.072485
Wheel,C54,1,DRV_AVDD,0.810672,0.810672,100.0,0.081067
Wheel,C54,2,GND,0.810672,0.810672,100.0,0.081067
Wheel,R137,1,WHEEL_RUN_REQ,0.72485,0.72485,100.0,0.072485
Wheel,R137,2,GND,0.72485,0.72485,100.0,0.072485
Wheel,R145,1,CS_ADC2,0.72485,0.72485,100.0,0.072485
Wheel,R145,2,GND,0.72485,0.72485,100.0,0.072485
Wheel,R84,1,ACT_DRIVE_EN,0.72485,0.72485,100.0,0.072485
Wheel,R84,2,GND,0.72485,0.72485,100.0,0.072485
Wheel,C69,1,ACT_5V,1.395346,1.395346,100.0,0.139535
Wheel,C69,2,GND,1.395346,1.395346,100.0,0.139535
Wheel,C50,1,WHEEL_BUCK_OUT,1.395346,1.395346,100.0,0.139535
Wheel,C50,2,GND,1.395346,1.395346,100.0,0.139535
Wheel,C58,1,ADC2_DECAP,0.810672,0.810672,100.0,0.081067
Wheel,C58,2,GND,0.810672,0.810672,100.0,0.081067
Wheel,R124,1,ACT_5V,4.049096,4.049096,100.0,0.40491
Wheel,R124,2,BRAKE_DRAIN,4.049096,4.049096,100.0,0.40491
Wheel,U26,1,GND,0.581041,0.581041,100.0,0.058104
Wheel,U26,2,MOTOR_SPI_SCLK,0.581041,0.581041,100.0,0.058104
Wheel,U26,3,ADC2_SCLK_LOCAL,0.581041,0.581041,100.0,0.058104
Wheel,U26,4,GND,0.581041,0.581041,100.0,0.058104
Wheel,U26,5,MOTOR_SPI_MOSI,0.581041,0.581041,100.0,0.058104
Wheel,U26,6,ADC2_MOSI_LOCAL,0.581041,0.581041,100.0,0.058104
Wheel,U26,7,GND,0.581041,0.581041,100.0,0.058104
Wheel,U26,8,ADC2_CS_LOCAL,0.581041,0.581041,100.0,0.058104
Wheel,U26,9,CS_ADC2,0.581041,0.581041,100.0,0.058104
Wheel,U26,10,GND,0.581041,0.581041,100.0,0.058104
Wheel,U26,11,unconnected-(U26-4Y-Pad11),0.581041,0.581041,100.0,0.058104
Wheel,U26,12,GND,0.581041,0.581041,100.0,0.058104
Wheel,U26,13,DRV_AVDD,0.581041,0.581041,100.0,0.058104
Wheel,U26,14,DRV_AVDD,0.581041,0.581041,100.0,0.058104
Wheel,R119,1,BRAKE_OUT,0.72485,0.72485,100.0,0.072485
Wheel,R119,2,BRAKE_GATE,0.72485,0.72485,100.0,0.072485
Wheel,C51,1,+3V3,0.810672,0.810672,100.0,0.081067
Wheel,C51,2,GND,0.810672,0.810672,100.0,0.081067
Wheel,C65,1,ACT_5V,0.810672,0.810672,100.0,0.081067
Wheel,C65,2,GND,0.810672,0.810672,100.0,0.081067
Wheel,C44,1,ACT_5V,1.395346,1.395346,100.0,0.139535
Wheel,C44,2,GND,1.395346,1.395346,100.0,0.139535
Wheel,C68,1,ACT_5V,1.395346,1.395346,100.0,0.139535
Wheel,C68,2,GND,1.395346,1.395346,100.0,0.139535
Wheel,R146,1,ACT_5V,0.72485,0.72485,100.0,0.072485
Wheel,R146,2,GND,0.72485,0.72485,100.0,0.072485
Wheel,R94,1,SPI_SCLK,0.72485,0.72485,100.0,0.072485
Wheel,R94,2,GND,0.72485,0.72485,100.0,0.072485
Wheel,U24,1,GND,0.581041,0.581041,100.0,0.058104
Wheel,U24,2,SPI_SCLK,0.581041,0.581041,100.0,0.058104
Wheel,U24,3,DRV_SCLK_LOCAL,0.581041,0.581041,100.0,0.058104
Wheel,U24,4,GND,0.581041,0.581041,100.0,0.058104
Wheel,U24,5,SPI_MOSI,0.581041,0.581041,100.0,0.058104
Wheel,U24,6,DRV_MOSI_LOCAL,0.581041,0.581041,100.0,0.058104
Wheel,U24,7,GND,0.581041,0.581041,100.0,0.058104
Wheel,U24,8,DRV_CS_LOCAL,0.581041,0.581041,100.0,0.058104
Wheel,U24,9,CS_DRV8316,0.581041,0.581041,100.0,0.058104
Wheel,U24,10,GND,0.581041,0.581041,100.0,0.058104
Wheel,U24,11,unconnected-(U24-4Y-Pad11),0.581041,0.581041,100.0,0.058104
Wheel,U24,12,GND,0.581041,0.581041,100.0,0.058104
Wheel,U24,13,DRV_AVDD,0.581041,0.581041,100.0,0.058104
Wheel,U24,14,DRV_AVDD,0.581041,0.581041,100.0,0.058104
Wheel,U31,1,BRAKE_REF,0.865088,0.865088,100.0,0.086509
Wheel,U31,2,GND,0.865088,0.865088,100.0,0.086509
Wheel,U31,3,unconnected-(U31-NC-Pad3),0.865088,0.865088,100.0,0.086509
Wheel,R116,1,BRAKE_FB_1,0.72485,0.72485,100.0,0.072485
Wheel,R116,2,BRAKE_FB_2,0.72485,0.72485,100.0,0.072485
Wheel,C42,1,ACT_5V,0.810672,0.810672,100.0,0.081067
Wheel,C42,2,GND,0.810672,0.810672,100.0,0.081067
Wheel,R108,1,ADC2_SPARE6,0.72485,0.72485,100.0,0.072485
Wheel,R108,2,GND,0.72485,0.72485,100.0,0.072485
Wheel,R91,1,DRV_INHB,0.72485,0.72485,100.0,0.072485
Wheel,R91,2,GND,0.72485,0.72485,100.0,0.072485
Encoder,U27,1,ENC_SCLK_LOCAL,0.145,0.145,100.0,0.0145
Encoder,U27,2,GND,0.14,0.14,100.0,0.014
Encoder,U27,3,unconnected-(U27-PWM-Pad3),0.135,0.135,100.0,0.0135
Encoder,U27,4,GND,0.135,0.135,100.0,0.0135
Encoder,U27,5,ENC_MISO_LOCAL,0.14,0.14,100.0,0.014
Encoder,U27,6,unconnected-(U27-B-Pad6),0.14,0.14,100.0,0.014
Encoder,U27,7,ENC_CS_LOCAL,0.135,0.135,100.0,0.0135
Encoder,U27,8,ENC_MOSI_LOCAL,0.135,0.135,100.0,0.0135
Encoder,U27,9,unconnected-(U27-Z-Pad9),0.14,0.14,100.0,0.014
Encoder,U27,10,unconnected-(U27-A-Pad10),0.135,0.135,100.0,0.0135
Encoder,U27,11,unconnected-(U27-SSD-Pad11),0.135,0.135,100.0,0.0135
Encoder,U27,12,unconnected-(U27-MGH-Pad12),0.14,0.14,100.0,0.014
Encoder,U27,13,ENC_3V3,0.14,0.14,100.0,0.014
Encoder,U27,14,GND,0.135,0.135,100.0,0.0135
Encoder,C62,1,ENC_3V3,0.810672,0.810672,100.0,0.081067
Encoder,C62,2,GND,0.810672,0.810672,100.0,0.081067
