board,reference,panel_reference,mpn,purchase_mpn,method
Main,C1,M_C1,CL21A106KAYNNNE,CL21A106KAYNNNE,TOP SMT REFLOW
Main,C2,M_C2,CL21A106KAYNNNE,CL21A106KAYNNNE,TOP SMT REFLOW
Main,C3,M_C3,CL21A106KAYNNNE,CL21A106KAYNNNE,TOP SMT REFLOW
Main,C22,M_C22,CC0603KRX7R9BB104,CC0603KRX7R9BB104,TOP SMT REFLOW
Main,C23,M_C23,CL21A106KAYNNNE,CL21A106KAYNNNE,TOP SMT REFLOW
Main,J1,M_J1,TYPE-C-31-M-12,TYPE-C-31-M-12,TOP SMT REFLOW
Main,L1,M_L1,SWPA4020S3R3MT,SWPA4020S3R3MT,TOP SMT REFLOW
Main,R25,M_R25,0603WAF8873T5E,CRCW0603887KFKEA,TOP SMT REFLOW
Main,R26,M_R26,0603WAF1003T5E,0603WAF1003T5E,TOP SMT REFLOW
Main,R27,M_R27,0603WAF1003T5E,0603WAF1003T5E,TOP SMT REFLOW
Main,R28,M_R28,0603WAF1001T5E,0603WAF1001T5E,TOP SMT REFLOW
Main,U1,M_U1,TPD2EUSB30DRTR,TPD2EUSB30DRTR,TOP SMT REFLOW
Main,U2,M_U2,TPS62162DSGR,TPS62162DSGR,TOP SMT REFLOW
Main,U11,M_U11,TUSB320LAIRWBR,TUSB320LAIRWBR,TOP SMT REFLOW
Main,U20,M_U20,TPD2E2U06DCKR,TPD2E2U06DCKR,TOP SMT REFLOW
Main,C4,M_C4,CL10A105KB8NNNC,CL10A105KB8NNNC,TOP SMT REFLOW
Main,C5,M_C5,CL21A106KAYNNNE,CL21A106KAYNNNE,TOP SMT REFLOW
Main,C6,M_C6,CC0603KRX7R9BB104,CC0603KRX7R9BB104,TOP SMT REFLOW
Main,R3,M_R3,0603WAF1002T5E,0603WAF1002T5E,TOP SMT REFLOW
Main,R4,M_R4,0603WAF1002T5E,0603WAF1002T5E,TOP SMT REFLOW
Main,R5,M_R5,0603WAF330JT5E,0603WAF330JT5E,TOP SMT REFLOW
Main,R6,M_R6,0603WAF330JT5E,0603WAF330JT5E,TOP SMT REFLOW
Main,R7,M_R7,0603WAF1002T5E,0603WAF1002T5E,TOP SMT REFLOW
Main,SW1,M_SW1,TS-1088-AR02016,TS-1088-AR02016,TOP SMT REFLOW
Main,SW2,M_SW2,TS-1088-AR02016,TS-1088-AR02016,TOP SMT REFLOW
Main,U3,M_U3,ESP32-S3-MINI-1-N8,ESP32-S3-MINI-1-N8,TOP SMT REFLOW
Main,C7,M_C7,CC0603KRX7R9BB104,CC0603KRX7R9BB104,TOP SMT REFLOW
Main,C8,M_C8,CL21A106KAYNNNE,CL21A106KAYNNNE,TOP SMT REFLOW
Main,C9,M_C9,CC0603KRX7R9BB104,CC0603KRX7R9BB104,TOP SMT REFLOW
Main,C10,M_C10,CC0603KRX7R9BB104,CC0603KRX7R9BB104,TOP SMT REFLOW
Main,C11,M_C11,CL21A106KAYNNNE,CL21A106KAYNNNE,TOP SMT REFLOW
Main,C12,M_C12,CC0603KRX7R9BB104,CC0603KRX7R9BB104,TOP SMT REFLOW
Main,C13,M_C13,CC0603KRX7R9BB104,CC0603KRX7R9BB104,TOP SMT REFLOW
Main,C14,M_C14,CL21A106KAYNNNE,CL21A106KAYNNNE,TOP SMT REFLOW
Main,C15,M_C15,CC0603KRX7R9BB104,CC0603KRX7R9BB104,TOP SMT REFLOW
Main,J2,M_J2,B2B-PH-SM4-TBT(LF)(SN),B2B-PH-SM4-TBT(LF)(SN),TOP SMT REFLOW
Main,J3,M_J3,B2B-PH-SM4-TBT(LF)(SN),B2B-PH-SM4-TBT(LF)(SN),TOP SMT REFLOW
Main,J4,M_J4,B2B-PH-SM4-TBT(LF)(SN),B2B-PH-SM4-TBT(LF)(SN),TOP SMT REFLOW
Main,R8,M_R8,0603WAF1002T5E,0603WAF1002T5E,TOP SMT REFLOW
Main,R9,M_R9,0603WAF1002T5E,0603WAF1002T5E,TOP SMT REFLOW
Main,R10,M_R10,0603WAF1002T5E,0603WAF1002T5E,TOP SMT REFLOW
Main,R11,M_R11,0603WAF1002T5E,0603WAF1002T5E,TOP SMT REFLOW
Main,R12,M_R12,0603WAF3301T5E,0603WAF3301T5E,TOP SMT REFLOW
Main,R14,M_R14,0603WAF1002T5E,0603WAF1002T5E,TOP SMT REFLOW
Main,R15,M_R15,0603WAF1002T5E,0603WAF1002T5E,TOP SMT REFLOW
Main,R16,M_R16,0603WAF1002T5E,0603WAF1002T5E,TOP SMT REFLOW
Main,R17,M_R17,0603WAF1002T5E,0603WAF1002T5E,TOP SMT REFLOW
Main,R18,M_R18,0603WAF3301T5E,0603WAF3301T5E,TOP SMT REFLOW
Main,R20,M_R20,0603WAF1002T5E,0603WAF1002T5E,TOP SMT REFLOW
Main,R21,M_R21,0603WAF1002T5E,0603WAF1002T5E,TOP SMT REFLOW
Main,R22,M_R22,0603WAF1002T5E,0603WAF1002T5E,TOP SMT REFLOW
Main,R23,M_R23,0603WAF1002T5E,0603WAF1002T5E,TOP SMT REFLOW
Main,R24,M_R24,0603WAF3301T5E,0603WAF3301T5E,TOP SMT REFLOW
Main,U4,M_U4,DRV8231ADSGR,DRV8231ADSGR,TOP SMT REFLOW
Main,U5,M_U5,DRV8231ADSGR,DRV8231ADSGR,TOP SMT REFLOW
Main,U6,M_U6,DRV8231ADSGR,DRV8231ADSGR,TOP SMT REFLOW
Main,C16,M_C16,CC0603KRX7R9BB104,CC0603KRX7R9BB104,TOP SMT REFLOW
Main,C17,M_C17,CC0603KRX7R9BB104,CC0603KRX7R9BB104,TOP SMT REFLOW
Main,C18,M_C18,CC0603KRX7R9BB104,CC0603KRX7R9BB104,TOP SMT REFLOW
Main,C19,M_C19,CL10A105KB8NNNC,CL10A105KB8NNNC,TOP SMT REFLOW
Main,C20,M_C20,CL10A105KB8NNNC,CL10A105KB8NNNC,TOP SMT REFLOW
Main,C21,M_C21,CL10A105KB8NNNC,CL10A105KB8NNNC,TOP SMT REFLOW
Main,U7,M_U7,TMAG5253BA2IQDMRR,TMAG5253BA2IQDMRR,TOP SMT REFLOW
Main,U8,M_U8,TMAG5253BA2IQDMRR,TMAG5253BA2IQDMRR,TOP SMT REFLOW
Main,U9,M_U9,TMAG5253BA2IQDMRR,TMAG5253BA2IQDMRR,TOP SMT REFLOW
Main,U10,M_U10,ADS7038IRTER,ADS7038IRTER,TOP SMT REFLOW
Main,C24,M_C24,CL10A105KB8NNNC,CL10A105KB8NNNC,TOP SMT REFLOW
Main,C25,M_C25,0603B103K500NT,0603B103K500NT,TOP SMT REFLOW
Main,C26,M_C26,0603B103K500NT,0603B103K500NT,TOP SMT REFLOW
Main,C88,M_C88,CL21A106KAYNNNE,CL21A106KAYNNNE,TOP SMT REFLOW
Main,C89,M_C89,CL10A105KB8NNNC,CL10A105KB8NNNC,TOP SMT REFLOW
Main,D3,M_D3,BAT54-7-F,BAT54-7-F,TOP SMT REFLOW
Main,R29,M_R29,0603WAF2212T5E,0603WAF2212T5E,TOP SMT REFLOW
Main,R30,M_R30,0603WAF1002T5E,0603WAF1002T5E,TOP SMT REFLOW
Main,R31,M_R31,0603WAF1003T5E,0603WAF1003T5E,TOP SMT REFLOW
Main,R32,M_R32,0603WAF1003T5E,0603WAF1003T5E,TOP SMT REFLOW
Main,R33,M_R33,0603WAF1003T5E,0603WAF1003T5E,TOP SMT REFLOW
Main,R34,M_R34,0603WAF1003T5E,0603WAF1003T5E,TOP SMT REFLOW
Main,R35,M_R35,0603WAF1003T5E,0603WAF1003T5E,TOP SMT REFLOW
Main,R36,M_R36,0603WAF1003T5E,0603WAF1003T5E,TOP SMT REFLOW
Main,R37,M_R37,0603WAF1003T5E,0603WAF1003T5E,TOP SMT REFLOW
Main,R38,M_R38,0603WAF1003T5E,0603WAF1003T5E,TOP SMT REFLOW
Main,R39,M_R39,0603WAF1003T5E,0603WAF1003T5E,TOP SMT REFLOW
Main,R40,M_R40,0603WAF1003T5E,0603WAF1003T5E,TOP SMT REFLOW
Main,R41,M_R41,0603WAF2212T5E,0603WAF2212T5E,TOP SMT REFLOW
Main,R42,M_R42,0603WAF3301T5E,0603WAF3301T5E,TOP SMT REFLOW
Main,R43,M_R43,0603WAF3301T5E,0603WAF3301T5E,TOP SMT REFLOW
Main,R44,M_R44,0603WAF1001T5E,0603WAF1001T5E,TOP SMT REFLOW
Main,R45,M_R45,0603WAF1001T5E,0603WAF1001T5E,TOP SMT REFLOW
Main,U12,M_U12,TPS259470LRPWR,TPS259470LRPWR,TOP SMT REFLOW
Main,U13,M_U13,TPS259470LRPWR,TPS259470LRPWR,TOP SMT REFLOW
Main,C27,M_C27,CL10A105KB8NNNC,CL10A105KB8NNNC,TOP SMT REFLOW
Main,C28,M_C28,CC0603KRX7R9BB104,CC0603KRX7R9BB104,TOP SMT REFLOW
Main,C29,M_C29,CC0603KRX7R9BB104,CC0603KRX7R9BB104,TOP SMT REFLOW
Main,C30,M_C30,CC0603KRX7R9BB104,CC0603KRX7R9BB104,TOP SMT REFLOW
Main,C31,M_C31,CC0603KRX7R9BB104,CC0603KRX7R9BB104,TOP SMT REFLOW
Main,R46,M_R46,0603WAF1002T5E,0603WAF1002T5E,TOP SMT REFLOW
Main,R47,M_R47,0603WAF1002T5E,0603WAF1002T5E,TOP SMT REFLOW
Main,R48,M_R48,0603WAF1002T5E,0603WAF1002T5E,TOP SMT REFLOW
Main,R49,M_R49,0603WAF1002T5E,0603WAF1002T5E,TOP SMT REFLOW
Main,R50,M_R50,0603WAF1002T5E,0603WAF1002T5E,TOP SMT REFLOW
Main,R51,M_R51,0603WAF1002T5E,0603WAF1002T5E,TOP SMT REFLOW
Main,R52,M_R52,0603WAF1002T5E,0603WAF1002T5E,TOP SMT REFLOW
Main,R53,M_R53,0603WAF1002T5E,0603WAF1002T5E,TOP SMT REFLOW
Main,R54,M_R54,0603WAF1002T5E,0603WAF1002T5E,TOP SMT REFLOW
Main,R55,M_R55,0603WAF1002T5E,0603WAF1002T5E,TOP SMT REFLOW
Main,R70,M_R70,0603WAF1002T5E,0603WAF1002T5E,TOP SMT REFLOW
Main,U15,M_U15,SN74LVC1G123DCUR,SN74LVC1G123DCUR,TOP SMT REFLOW
Main,U16,M_U16,SN74LVC08APWR,SN74LVC08APWR,TOP SMT REFLOW
Main,U17,M_U17,SN74LVC08APWR,SN74LVC08APWR,TOP SMT REFLOW
Main,U18,M_U18,SN74LVC08APWR,SN74LVC08APWR,TOP SMT REFLOW
Main,C32,M_C32,CC0603KRX7R9BB104,CC0603KRX7R9BB104,TOP SMT REFLOW
Main,C33,M_C33,CC0603KRX7R9BB104,CC0603KRX7R9BB104,TOP SMT REFLOW
Main,C34,M_C34,CC0603KRX7R9BB104,CC0603KRX7R9BB104,TOP SMT REFLOW
Main,C35,M_C35,CC0603KRX7R9BB104,CC0603KRX7R9BB104,TOP SMT REFLOW
Main,C36,M_C36,CC0603KRX7R9BB104,CC0603KRX7R9BB104,TOP SMT REFLOW
Main,D4,M_D4,BAT54-7-F,BAT54-7-F,TOP SMT REFLOW
Main,Q1,M_Q1,2N7002,2N7002,TOP SMT REFLOW
Main,Q2,M_Q2,2N7002,2N7002,TOP SMT REFLOW
Main,Q3,M_Q3,2N7002,2N7002,TOP SMT REFLOW
Main,R56,M_R56,0603WAF3301T5E,0603WAF3301T5E,TOP SMT REFLOW
Main,R57,M_R57,0603WAF3301T5E,0603WAF3301T5E,TOP SMT REFLOW
Main,R58,M_R58,0603WAF330JT5E,0603WAF330JT5E,TOP SMT REFLOW
Main,R59,M_R59,0603WAF4701T5E,0603WAF4701T5E,TOP SMT REFLOW
Main,R60,M_R60,0603WAF3301T5E,0603WAF3301T5E,TOP SMT REFLOW
Main,R61,M_R61,0603WAF1002T5E,0603WAF1002T5E,TOP SMT REFLOW
Main,R62,M_R62,0603WAF1003T5E,0603WAF1003T5E,TOP SMT REFLOW
Main,R63,M_R63,0603WAF1003T5E,0603WAF1003T5E,TOP SMT REFLOW
Main,R64,M_R64,0603WAF1001T5E,0603WAF1001T5E,TOP SMT REFLOW
Main,R65,M_R65,0603WAF2212T5E,0603WAF2212T5E,TOP SMT REFLOW
Main,R66,M_R66,0603WAF1003T5E,0603WAF1003T5E,TOP SMT REFLOW
Main,R67,M_R67,0603WAF1003T5E,0603WAF1003T5E,TOP SMT REFLOW
Main,R68,M_R68,0603WAF2212T5E,0603WAF2212T5E,TOP SMT REFLOW
Main,R71,M_R71,0603WAF1003T5E,0603WAF1003T5E,TOP SMT REFLOW
Main,U14,M_U14,SN74LVC2G04DCKR,SN74LVC2G04DCKR,TOP SMT REFLOW
Main,U19,M_U19,TLV9001IDBVR,TLV9001IDBVR,TOP SMT REFLOW
Main,C37,M_C37,CL21A106KAYNNNE,CL21A106KAYNNNE,TOP SMT REFLOW
Main,C38,M_C38,CL21A106KAYNNNE,CL21A106KAYNNNE,TOP SMT REFLOW
Main,C39,M_C39,CL21A106KAYNNNE,CL21A106KAYNNNE,TOP SMT REFLOW
Main,C40,M_C40,CL21A106KAYNNNE,CL21A106KAYNNNE,TOP SMT REFLOW
Main,D1,M_D1,SMBJ12A,SMBJ12A,TOP SMT REFLOW
Main,D2,M_D2,SMBJ6.0A,SMBJ6.0A,TOP SMT REFLOW
Main,R69,M_R69,0603WAF1001T5E,0603WAF1001T5E,TOP SMT REFLOW
Main,R72,M_R72,0603WAF1002T5E,0603WAF1002T5E,TOP SMT REFLOW
Main,R73,M_R73,0603WAF1002T5E,0603WAF1002T5E,TOP SMT REFLOW
Main,R74,M_R74,0603WAF1002T5E,0603WAF1002T5E,TOP SMT REFLOW
Main,R75,M_R75,0603WAF1002T5E,0603WAF1002T5E,TOP SMT REFLOW
Main,R76,M_R76,0603WAF1002T5E,0603WAF1002T5E,TOP SMT REFLOW
Main,R77,M_R77,0603WAF1002T5E,0603WAF1002T5E,TOP SMT REFLOW
Main,R78,M_R78,0603WAF1002T5E,0603WAF1002T5E,TOP SMT REFLOW
Main,R79,M_R79,0603WAF1002T5E,0603WAF1002T5E,TOP SMT REFLOW
Main,R80,M_R80,0603WAF1002T5E,0603WAF1002T5E,TOP SMT REFLOW
Main,C53,M_C53,CC0603KRX7R9BB104,CC0603KRX7R9BB104,TOP SMT REFLOW
Main,C55,M_C55,CC0603KRX7R9BB104,CC0603KRX7R9BB104,TOP SMT REFLOW
Main,R99,M_R99,0603WAF1002T5E,0603WAF1002T5E,TOP SMT REFLOW
Main,R101,M_R101,0603WAF1003T5E,0603WAF1003T5E,TOP SMT REFLOW
Main,U25,M_U25,SN74LVC125APWR,SN74LVC125APWR,TOP SMT REFLOW
Main,U29,M_U29,SN74LVC125APWR,SN74LVC125APWR,TOP SMT REFLOW
Main,C63,M_C63,CL10A105KB8NNNC,CL10A105KB8NNNC,TOP SMT REFLOW
Main,C64,M_C64,CC0603KRX7R9BB104,CC0603KRX7R9BB104,TOP SMT REFLOW
Main,J6,M_J6,SM08B-SRSS-TB(LF)(SN),SM08B-SRSS-TB(LF)(SN),TOP SMT REFLOW
Main,R110,M_R110,0603WAF1003T5E,0603WAF1003T5E,TOP SMT REFLOW
Main,R125,M_R125,0603WAF0000T5E,0603WAF0000T5E,TOP SMT REFLOW
Main,U28,M_U28,TPS22919DCKR,TPS22919DCKR,TOP SMT REFLOW
Main,C70,M_C70,CC0603KRX7R9BB104,CC0603KRX7R9BB104,TOP SMT REFLOW
Main,C71,M_C71,CL10B225KP8NNNC,CL10B225KP8NNNC,TOP SMT REFLOW
Main,C72,M_C72,CL10B103KB8NNNC,CL10B103KB8NNNC,TOP SMT REFLOW
Main,R126,M_R126,0603WAF1002T5E,0603WAF1002T5E,TOP SMT REFLOW
Main,R127,M_R127,0603WAF1002T5E,0603WAF1002T5E,TOP SMT REFLOW
Main,C73,M_C73,CL21A106KAYNNNE,CL21A106KAYNNNE,TOP SMT REFLOW
Main,C74,M_C74,CL21A106KAYNNNE,CL21A106KAYNNNE,TOP SMT REFLOW
Main,C75,M_C75,CC0603KRX7R9BB104,CC0603KRX7R9BB104,TOP SMT REFLOW
Main,C76,M_C76,CC0603KRX7R9BB104,CC0603KRX7R9BB104,TOP SMT REFLOW
Main,D5,M_D5,SK6805-EC15,SK6805-EC15,TOP SMT REFLOW
Main,R128,M_R128,0603WAF3300T5E,0603WAF3300T5E,TOP SMT REFLOW
Main,R129,M_R129,0603WAF1003T5E,0603WAF1003T5E,TOP SMT REFLOW
Main,R130,M_R130,0603WAF1002T5E,0603WAF1002T5E,TOP SMT REFLOW
Main,U33,M_U33,TPS7A2450DBVR,TPS7A2450DBVR,TOP SMT REFLOW
Main,U34,M_U34,SN74LV1T34DBVR,SN74LV1T34DBVR,TOP SMT REFLOW
Main,C77,M_C77,CL21A106KAYNNNE,CL21A106KAYNNNE,TOP SMT REFLOW
Main,C78,M_C78,CL21A106KAYNNNE,CL21A106KAYNNNE,TOP SMT REFLOW
Main,C79,M_C79,CL10B102KB8NNNC,CL10B102KB8NNNC,TOP SMT REFLOW
Main,C81,M_C81,CL10B225KP8NNNC,CL10B225KP8NNNC,TOP SMT REFLOW
Main,C82,M_C82,CL10B225KP8NNNC,CL10B225KP8NNNC,TOP SMT REFLOW
Main,C83,M_C83,CC0603KRX7R9BB104,CC0603KRX7R9BB104,TOP SMT REFLOW
Main,C84,M_C84,CL10A475KP8NNNC,CL10A475KP8NNNC,TOP SMT REFLOW
Main,C85,M_C85,CC0603KRX7R9BB104,CC0603KRX7R9BB104,TOP SMT REFLOW
Main,R132,M_R132,0603WAF390JT5E,0603WAF390JT5E,TOP SMT REFLOW
Main,U36,M_U36,TLV75519PDBVR,TLV75519PDBVR,TOP SMT REFLOW
Main,U38,M_U38,TPS22918DBVR,TPS22918DBVR,TOP SMT REFLOW
Main,C80,M_C80,CC0603KRX7R9BB104,CC0603KRX7R9BB104,TOP SMT REFLOW
Main,C86,M_C86,CC0603KRX7R9BB104,CC0603KRX7R9BB104,TOP SMT REFLOW
Main,C87,M_C87,CC0603KRX7R9BB104,CC0603KRX7R9BB104,TOP SMT REFLOW
Main,R131,M_R131,0603WAF1002T5E,0603WAF1002T5E,TOP SMT REFLOW
Main,R133,M_R133,0603WAF1003T5E,0603WAF1003T5E,TOP SMT REFLOW
Main,R134,M_R134,0603WAF1003T5E,0603WAF1003T5E,TOP SMT REFLOW
Main,R135,M_R135,0603WAF1002T5E,0603WAF1002T5E,TOP SMT REFLOW
Main,R136,M_R136,0603WAF1003T5E,0603WAF1003T5E,TOP SMT REFLOW
Main,U35,M_U35,PMW3360DM-T2QU,PMW3360DM-T2QU,HAND / OPTICAL AFTER REFLOW
Main,U37,M_U37,SN74LVC125APWR,SN74LVC125APWR,TOP SMT REFLOW
Main,U39,M_U39,SN74LVC1G125DBVR,SN74LVC1G125DBVR,TOP SMT REFLOW
Main,J8,M_J8,FH12-30S-0.5SH(55),FH12-30S-0.5SH(55),TOP SMT REFLOW
Main,J10,M_J10,SM02B-PASS-TB(LF)(SN),SM02B-PASS-TB(LF)(SN),TOP SMT REFLOW
Main,R141,M_R141,0603WAF3302T5E,0603WAF3302T5E,TOP SMT REFLOW
Main,R142,M_R142,0603WAF3302T5E,0603WAF3302T5E,TOP SMT REFLOW
Main,R143,M_R143,0603WAF3302T5E,0603WAF3302T5E,TOP SMT REFLOW
Wheel,C41,W_C41,CC0603KRX7R9BB104,CC0603KRX7R9BB104,TOP SMT REFLOW
Wheel,C42,W_C42,CC0603KRX7R9BB104,CC0603KRX7R9BB104,TOP SMT REFLOW
Wheel,C43,W_C43,CC0603KRX7R9BB104,CC0603KRX7R9BB104,TOP SMT REFLOW
Wheel,C44,W_C44,CL21A106KAYNNNE,CL21A106KAYNNNE,TOP SMT REFLOW
Wheel,C45,W_C45,CL21A106KAYNNNE,CL21A106KAYNNNE,TOP SMT REFLOW
Wheel,C46,W_C46,CL10A105KB8NNNC,CL10A105KB8NNNC,TOP SMT REFLOW
Wheel,C47,W_C47,CL10B473KB8NNNC,CL10B473KB8NNNC,TOP SMT REFLOW
Wheel,C48,W_C48,CL10A105KB8NNNC,CL10A105KB8NNNC,TOP SMT REFLOW
Wheel,C49,W_C49,CC0603KRX7R9BB104,CC0603KRX7R9BB104,TOP SMT REFLOW
Wheel,C50,W_C50,CL21A226MAQNNNE,CL21A226MAQNNNE,TOP SMT REFLOW
Wheel,C51,W_C51,CC0603KRX7R9BB104,CC0603KRX7R9BB104,TOP SMT REFLOW
Wheel,Q4,W_Q4,2N7002,2N7002,TOP SMT REFLOW
Wheel,R81,W_R81,0603WAF220JT5E,0603WAF220JT5E,TOP SMT REFLOW
Wheel,R82,W_R82,0603WAF1002T5E,0603WAF1002T5E,TOP SMT REFLOW
Wheel,R83,W_R83,0603WAF1003T5E,0603WAF1003T5E,TOP SMT REFLOW
Wheel,R84,W_R84,0603WAF1002T5E,0603WAF1002T5E,TOP SMT REFLOW
Wheel,R90,W_R90,0603WAF1003T5E,0603WAF1003T5E,TOP SMT REFLOW
Wheel,R91,W_R91,0603WAF1003T5E,0603WAF1003T5E,TOP SMT REFLOW
Wheel,R92,W_R92,0603WAF1003T5E,0603WAF1003T5E,TOP SMT REFLOW
Wheel,U21,W_U21,DRV8316RRGFR,DRV8316RRGFR,TOP SMT REFLOW
Wheel,U22,W_U22,SN74LVC08APWR,SN74LVC08APWR,TOP SMT REFLOW
Wheel,C52,W_C52,CC0603KRX7R9BB104,CC0603KRX7R9BB104,TOP SMT REFLOW
Wheel,C54,W_C54,CC0603KRX7R9BB104,CC0603KRX7R9BB104,TOP SMT REFLOW
Wheel,R86,W_R86,0603WAF1002T5E,0603WAF1002T5E,TOP SMT REFLOW
Wheel,R87,W_R87,0603WAF4701T5E,0603WAF4701T5E,TOP SMT REFLOW
Wheel,R88,W_R88,0603WAF4701T5E,0603WAF4701T5E,TOP SMT REFLOW
Wheel,R89,W_R89,0603WAF1003T5E,0603WAF1003T5E,TOP SMT REFLOW
Wheel,R94,W_R94,0603WAF1003T5E,0603WAF1003T5E,TOP SMT REFLOW
Wheel,R95,W_R95,0603WAF1003T5E,0603WAF1003T5E,TOP SMT REFLOW
Wheel,R96,W_R96,0603WAF1003T5E,0603WAF1003T5E,TOP SMT REFLOW
Wheel,R97,W_R97,0603WAF1003T5E,0603WAF1003T5E,TOP SMT REFLOW
Wheel,R98,W_R98,0603WAF1002T5E,0603WAF1002T5E,TOP SMT REFLOW
Wheel,R100,W_R100,0603WAF1003T5E,0603WAF1003T5E,TOP SMT REFLOW
Wheel,U24,W_U24,SN74LVC125APWR,SN74LVC125APWR,TOP SMT REFLOW
Wheel,U26,W_U26,SN74LVC125APWR,SN74LVC125APWR,TOP SMT REFLOW
Wheel,C56,W_C56,CL10A105KB8NNNC,CL10A105KB8NNNC,TOP SMT REFLOW
Wheel,C57,W_C57,CL10A105KB8NNNC,CL10A105KB8NNNC,TOP SMT REFLOW
Wheel,C58,W_C58,CL10A105KB8NNNC,CL10A105KB8NNNC,TOP SMT REFLOW
Wheel,C59,W_C59,CL10C220JB8NNNC,CL10C220JB8NNNC,TOP SMT REFLOW
Wheel,C60,W_C60,CL10C220JB8NNNC,CL10C220JB8NNNC,TOP SMT REFLOW
Wheel,C61,W_C61,CL10C220JB8NNNC,CL10C220JB8NNNC,TOP SMT REFLOW
Wheel,R102,W_R102,0603WAF3300T5E,0603WAF3300T5E,TOP SMT REFLOW
Wheel,R103,W_R103,0603WAF3300T5E,0603WAF3300T5E,TOP SMT REFLOW
Wheel,R104,W_R104,0603WAF3300T5E,0603WAF3300T5E,TOP SMT REFLOW
Wheel,R105,W_R105,0603WAF0000T5E,0603WAF0000T5E,TOP SMT REFLOW
Wheel,R106,W_R106,0603WAF0000T5E,0603WAF0000T5E,TOP SMT REFLOW
Wheel,R107,W_R107,0603WAF0000T5E,0603WAF0000T5E,TOP SMT REFLOW
Wheel,R108,W_R108,0603WAF0000T5E,0603WAF0000T5E,TOP SMT REFLOW
Wheel,R109,W_R109,0603WAF0000T5E,0603WAF0000T5E,TOP SMT REFLOW
Wheel,U23,W_U23,ADS7038IRTER,ADS7038IRTER,TOP SMT REFLOW
Wheel,C65,W_C65,CC0603KRX7R9BB104,CC0603KRX7R9BB104,TOP SMT REFLOW
Wheel,C66,W_C66,CC0603KRX7R9BB104,CC0603KRX7R9BB104,TOP SMT REFLOW
Wheel,C67,W_C67,CL10C220JB8NNNC,CL10C220JB8NNNC,TOP SMT REFLOW
Wheel,C68,W_C68,CL21A106KAYNNNE,CL21A106KAYNNNE,TOP SMT REFLOW
Wheel,C69,W_C69,CL21A106KAYNNNE,CL21A106KAYNNNE,TOP SMT REFLOW
Wheel,Q5,W_Q5,AO3400A,AO3400A,TOP SMT REFLOW
Wheel,R111,W_R111,0603WAF1002T5E,0603WAF1002T5E,TOP SMT REFLOW
Wheel,R112,W_R112,0603WAF1003T5E,0603WAF1003T5E,TOP SMT REFLOW
Wheel,R113,W_R113,0603WAF3482T5E,CRCW060334K8FKEA,TOP SMT REFLOW
Wheel,R114,W_R114,0603WAF1003T5E,0603WAF1003T5E,TOP SMT REFLOW
Wheel,R115,W_R115,0603WAF1004T5E,0603WAF1004T5E,TOP SMT REFLOW
Wheel,R116,W_R116,0603WAF1004T5E,0603WAF1004T5E,TOP SMT REFLOW
Wheel,R117,W_R117,0603WAF1004T5E,0603WAF1004T5E,TOP SMT REFLOW
Wheel,R119,W_R119,0603WAF1000T5E,0603WAF1000T5E,TOP SMT REFLOW
Wheel,R120,W_R120,0603WAF1003T5E,0603WAF1003T5E,TOP SMT REFLOW
Wheel,R121,W_R121,RC2512JK-7W47RL,RC2512JK-7W47RL,TOP SMT REFLOW
Wheel,R122,W_R122,RC2512JK-7W47RL,RC2512JK-7W47RL,TOP SMT REFLOW
Wheel,R123,W_R123,RC2512JK-7W47RL,RC2512JK-7W47RL,TOP SMT REFLOW
Wheel,R124,W_R124,RC2512JK-7W47RL,RC2512JK-7W47RL,TOP SMT REFLOW
Wheel,U30,W_U30,TLV1811DBVR,TLV1811DBVR,TOP SMT REFLOW
Wheel,U31,W_U31,LM4040AIM3-2.5/NOPB,LM4040AIM3-2.5/NOPB,TOP SMT REFLOW
Wheel,J9,W_J9,FH12-30S-0.5SH(55),FH12-30S-0.5SH(55),TOP SMT REFLOW
Wheel,J11,W_J11,SM02B-PASS-TB(LF)(SN),SM02B-PASS-TB(LF)(SN),TOP SMT REFLOW
Wheel,R137,W_R137,0603WAF1002T5E,0603WAF1002T5E,TOP SMT REFLOW
Wheel,R138,W_R138,0603WAF1002T5E,0603WAF1002T5E,TOP SMT REFLOW
Wheel,R139,W_R139,0603WAF1002T5E,0603WAF1002T5E,TOP SMT REFLOW
Wheel,R140,W_R140,0603WAF1002T5E,0603WAF1002T5E,TOP SMT REFLOW
Wheel,R144,W_R144,0603WAF3302T5E,0603WAF3302T5E,TOP SMT REFLOW
Wheel,R145,W_R145,0603WAF3302T5E,0603WAF3302T5E,TOP SMT REFLOW
Wheel,C90,W_C90,16SVPC100M,16SVPC100M,TOP SMT REFLOW
Wheel,D6,W_D6,SMBJ6.0A,SMBJ6.0A,TOP SMT REFLOW
Wheel,R146,W_R146,0603WAF4701T5E,0603WAF4701T5E,TOP SMT REFLOW
Encoder,C62,E_C62,CL10A105KB8NNNC,CL10A105KB8NNNC,TOP SMT REFLOW
Encoder,J7,E_J7,SM08B-SRSS-TB(LF)(SN),SM08B-SRSS-TB(LF)(SN),TOP SMT REFLOW
Encoder,U27,E_U27,MA735GGU-P,MA735GGU-P,TOP SMT REFLOW
