Reference,Pad,Net,Copper_area_mm2,Paste_on_land_mm2,Coverage_percent,Volume_on_land_mm3
M_SW1,1,Main/MCU_EN,2.045346,2.045346,100.0,0.204535
M_SW1,2,Main/GND,2.045346,2.045346,100.0,0.204535
M_SW2,1,Main/BOOT,2.045346,2.045346,100.0,0.204535
M_SW2,2,Main/GND,2.045346,2.045346,100.0,0.204535
W_C90,1,Wheel/ACT_5V,5.545346,5.545346,100.0,0.554535
W_C90,2,Wheel/GND,5.545346,5.545346,100.0,0.554535
M_C27,1,Main/WD_RCEXT,0.810672,0.810672,100.0,0.081067
M_C27,2,Main/WD_CEXT,0.810672,0.810672,100.0,0.081067
M_C80,1,Main/OPT_3V3,0.810672,0.810672,100.0,0.081067
M_C80,2,Main/GND,0.810672,0.810672,100.0,0.081067
M_C83,1,Main/OPT_1V9,0.810672,0.810672,100.0,0.081067
M_C83,2,Main/GND,0.810672,0.810672,100.0,0.081067
M_C82,1,Main/OPT_1V9,0.810672,0.810672,100.0,0.081067
M_C82,2,Main/GND,0.810672,0.810672,100.0,0.081067
M_C29,1,Main/+3V3,0.810672,0.810672,100.0,0.081067
M_C29,2,Main/GND,0.810672,0.810672,100.0,0.081067
M_C18,1,Main/+3V3,0.810672,0.810672,100.0,0.081067
M_C18,2,Main/GND,0.810672,0.810672,100.0,0.081067
W_C48,1,Wheel/DRV_AVDD,0.810672,0.810672,100.0,0.081067
W_C48,2,Wheel/GND,0.810672,0.810672,100.0,0.081067
W_C58,1,Wheel/ADC2_DECAP,0.810672,0.810672,100.0,0.081067
W_C58,2,Wheel/GND,0.810672,0.810672,100.0,0.081067
M_C89,1,Main/PWR_5V,0.810672,0.810672,100.0,0.081067
M_C89,2,Main/GND,0.810672,0.810672,100.0,0.081067
W_C41,1,Wheel/ACT_5V,0.810672,0.810672,100.0,0.081067
W_C41,2,Wheel/GND,0.810672,0.810672,100.0,0.081067
M_C7,1,Main/ACT_5V,0.810672,0.810672,100.0,0.081067
M_C7,2,Main/GND,0.810672,0.810672,100.0,0.081067
M_C36,1,Main/ACT_VMON,0.810672,0.810672,100.0,0.081067
M_C36,2,Main/GND,0.810672,0.810672,100.0,0.081067
W_C59,1,Wheel/WHEEL_I_A,0.810672,0.810672,100.0,0.081067
W_C59,2,Wheel/GND,0.810672,0.810672,100.0,0.081067
W_C46,1,Wheel/WHEEL_CP,0.810672,0.810672,100.0,0.081067
W_C46,2,Wheel/ACT_5V,0.810672,0.810672,100.0,0.081067
W_C47,1,Wheel/WHEEL_CPH,0.810672,0.810672,100.0,0.081067
W_C47,2,Wheel/WHEEL_CPL,0.810672,0.810672,100.0,0.081067
M_C53,1,Main/+3V3,0.810672,0.810672,100.0,0.081067
M_C53,2,Main/GND,0.810672,0.810672,100.0,0.081067
M_C85,1,Main/OPT_VDDPIX,0.810672,0.810672,100.0,0.081067
M_C85,2,Main/GND,0.810672,0.810672,100.0,0.081067
W_C51,1,Wheel/+3V3,0.810672,0.810672,100.0,0.081067
W_C51,2,Wheel/GND,0.810672,0.810672,100.0,0.081067
M_C6,1,Main/+3V3,0.810672,0.810672,100.0,0.081067
M_C6,2,Main/GND,0.810672,0.810672,100.0,0.081067
M_C75,1,Main/RGB_5V,0.810672,0.810672,100.0,0.081067
M_C75,2,Main/GND,0.810672,0.810672,100.0,0.081067
M_C34,1,Main/+3V3,0.810672,0.810672,100.0,0.081067
M_C34,2,Main/GND,0.810672,0.810672,100.0,0.081067
M_C86,1,Main/OPT_3V3,0.810672,0.810672,100.0,0.081067
M_C86,2,Main/GND,0.810672,0.810672,100.0,0.081067
M_C25,1,Main/USB_DVDT,0.810672,0.810672,100.0,0.081067
M_C25,2,Main/GND,0.810672,0.810672,100.0,0.081067
W_C43,1,Wheel/ACT_5V,0.810672,0.810672,100.0,0.081067
W_C43,2,Wheel/GND,0.810672,0.810672,100.0,0.081067
M_C72,1,Main/+3V3,0.810672,0.810672,100.0,0.081067
M_C72,2,Main/GND,0.810672,0.810672,100.0,0.081067
M_C32,1,Main/+3V3,0.810672,0.810672,100.0,0.081067
M_C32,2,Main/GND,0.810672,0.810672,100.0,0.081067
M_C4,1,Main/MCU_EN,0.810672,0.810672,100.0,0.081067
M_C4,2,Main/GND,0.810672,0.810672,100.0,0.081067
M_C35,1,Main/VBUS_GATE,0.810672,0.810672,100.0,0.081067
M_C35,2,Main/GND,0.810672,0.810672,100.0,0.081067
M_C87,1,Main/OPT_3V3,0.810672,0.810672,100.0,0.081067
M_C87,2,Main/GND,0.810672,0.810672,100.0,0.081067
M_C13,1,Main/ACT_5V,0.810672,0.810672,100.0,0.081067
M_C13,2,Main/GND,0.810672,0.810672,100.0,0.081067
W_C67,1,Wheel/BRAKE_SENSE,0.810672,0.810672,100.0,0.081067
W_C67,2,Wheel/GND,0.810672,0.810672,100.0,0.081067
M_C19,1,Main/+3V3,0.810672,0.810672,100.0,0.081067
M_C19,2,Main/GND,0.810672,0.810672,100.0,0.081067
M_C16,1,Main/+3V3,0.810672,0.810672,100.0,0.081067
M_C16,2,Main/GND,0.810672,0.810672,100.0,0.081067
M_C28,1,Main/+3V3,0.810672,0.810672,100.0,0.081067
M_C28,2,Main/GND,0.810672,0.810672,100.0,0.081067
M_C81,1,Main/OPT_3V3,0.810672,0.810672,100.0,0.081067
M_C81,2,Main/GND,0.810672,0.810672,100.0,0.081067
M_C71,1,Main/+3V3,0.810672,0.810672,100.0,0.081067
M_C71,2,Main/GND,0.810672,0.810672,100.0,0.081067
M_C21,1,Main/ADC_DECAP,0.810672,0.810672,100.0,0.081067
M_C21,2,Main/GND,0.810672,0.810672,100.0,0.081067
W_C65,1,Wheel/ACT_5V,0.810672,0.810672,100.0,0.081067
W_C65,2,Wheel/GND,0.810672,0.810672,100.0,0.081067
M_C55,1,Main/ENC_3V3,0.810672,0.810672,100.0,0.081067
M_C55,2,Main/GND,0.810672,0.810672,100.0,0.081067
M_C10,1,Main/ACT_5V,0.810672,0.810672,100.0,0.081067
M_C10,2,Main/GND,0.810672,0.810672,100.0,0.081067
W_C57,1,Wheel/DRV_AVDD,0.810672,0.810672,100.0,0.081067
W_C57,2,Wheel/GND,0.810672,0.810672,100.0,0.081067
M_C63,1,Main/+3V3,0.810672,0.810672,100.0,0.081067
M_C63,2,Main/GND,0.810672,0.810672,100.0,0.081067
M_C15,1,Main/BTN_R_VREF,0.810672,0.810672,100.0,0.081067
M_C15,2,Main/GND,0.810672,0.810672,100.0,0.081067
M_C33,1,Main/USB_IMON_ADC,0.810672,0.810672,100.0,0.081067
M_C33,2,Main/GND,0.810672,0.810672,100.0,0.081067
M_C76,1,Main/RGB_5V,0.810672,0.810672,100.0,0.081067
M_C76,2,Main/GND,0.810672,0.810672,100.0,0.081067
W_C42,1,Wheel/ACT_5V,0.810672,0.810672,100.0,0.081067
W_C42,2,Wheel/GND,0.810672,0.810672,100.0,0.081067
M_C22,1,Main/+3V3,0.810672,0.810672,100.0,0.081067
M_C22,2,Main/GND,0.810672,0.810672,100.0,0.081067
M_C84,1,Main/OPT_VDDPIX,0.810672,0.810672,100.0,0.081067
M_C84,2,Main/GND,0.810672,0.810672,100.0,0.081067
M_C24,1,Main/VBUS_USB,0.810672,0.810672,100.0,0.081067
M_C24,2,Main/GND,0.810672,0.810672,100.0,0.081067
M_C26,1,Main/ACT_DVDT,0.810672,0.810672,100.0,0.081067
M_C26,2,Main/GND,0.810672,0.810672,100.0,0.081067
M_C70,1,Main/+3V3,0.810672,0.810672,100.0,0.081067
M_C70,2,Main/GND,0.810672,0.810672,100.0,0.081067
M_C30,1,Main/+3V3,0.810672,0.810672,100.0,0.081067
M_C30,2,Main/GND,0.810672,0.810672,100.0,0.081067
W_C60,1,Wheel/WHEEL_I_B,0.810672,0.810672,100.0,0.081067
W_C60,2,Wheel/GND,0.810672,0.810672,100.0,0.081067
W_C52,1,Wheel/DRV_AVDD,0.810672,0.810672,100.0,0.081067
W_C52,2,Wheel/GND,0.810672,0.810672,100.0,0.081067
M_C79,1,Main/OPT_RAMP_CT,0.810672,0.810672,100.0,0.081067
M_C79,2,Main/GND,0.810672,0.810672,100.0,0.081067
M_C9,1,Main/BTN_L_VREF,0.810672,0.810672,100.0,0.081067
M_C9,2,Main/GND,0.810672,0.810672,100.0,0.081067
M_C64,1,Main/ENC_3V3,0.810672,0.810672,100.0,0.081067
M_C64,2,Main/GND,0.810672,0.810672,100.0,0.081067
W_C54,1,Wheel/DRV_AVDD,0.810672,0.810672,100.0,0.081067
W_C54,2,Wheel/GND,0.810672,0.810672,100.0,0.081067
W_C49,1,Wheel/DRV_AVDD,0.810672,0.810672,100.0,0.081067
W_C49,2,Wheel/GND,0.810672,0.810672,100.0,0.081067
E_C62,1,Encoder/ENC_3V3,0.810672,0.810672,100.0,0.081067
E_C62,2,Encoder/GND,0.810672,0.810672,100.0,0.081067
W_C61,1,Wheel/WHEEL_I_C,0.810672,0.810672,100.0,0.081067
W_C61,2,Wheel/GND,0.810672,0.810672,100.0,0.081067
M_C17,1,Main/+3V3,0.810672,0.810672,100.0,0.081067
M_C17,2,Main/GND,0.810672,0.810672,100.0,0.081067
M_C12,1,Main/BTN_M_VREF,0.810672,0.810672,100.0,0.081067
M_C12,2,Main/GND,0.810672,0.810672,100.0,0.081067
M_C20,1,Main/+3V3,0.810672,0.810672,100.0,0.081067
M_C20,2,Main/GND,0.810672,0.810672,100.0,0.081067
W_C66,1,Wheel/BRAKE_REF,0.810672,0.810672,100.0,0.081067
W_C66,2,Wheel/GND,0.810672,0.810672,100.0,0.081067
W_C56,1,Wheel/DRV_AVDD,0.810672,0.810672,100.0,0.081067
W_C56,2,Wheel/GND,0.810672,0.810672,100.0,0.081067
M_C31,1,Main/+3V3,0.810672,0.810672,100.0,0.081067
M_C31,2,Main/GND,0.810672,0.810672,100.0,0.081067
M_C23,1,Main/+3V3,1.395346,1.395346,100.0,0.139535
M_C23,2,Main/GND,1.395346,1.395346,100.0,0.139535
M_C78,1,Main/+3V3,1.395346,1.395346,100.0,0.139535
M_C78,2,Main/GND,1.395346,1.395346,100.0,0.139535
M_C88,1,Main/PWR_5V,1.395346,1.395346,100.0,0.139535
M_C88,2,Main/GND,1.395346,1.395346,100.0,0.139535
M_C77,1,Main/+3V3,1.395346,1.395346,100.0,0.139535
M_C77,2,Main/GND,1.395346,1.395346,100.0,0.139535
W_C69,1,Wheel/ACT_5V,1.395346,1.395346,100.0,0.139535
W_C69,2,Wheel/GND,1.395346,1.395346,100.0,0.139535
M_C40,1,Main/ACT_5V,1.395346,1.395346,100.0,0.139535
M_C40,2,Main/GND,1.395346,1.395346,100.0,0.139535
W_C68,1,Wheel/ACT_5V,1.395346,1.395346,100.0,0.139535
W_C68,2,Wheel/GND,1.395346,1.395346,100.0,0.139535
W_C45,1,Wheel/ACT_5V,1.395346,1.395346,100.0,0.139535
W_C45,2,Wheel/GND,1.395346,1.395346,100.0,0.139535
M_C74,1,Main/RGB_5V,1.395346,1.395346,100.0,0.139535
M_C74,2,Main/GND,1.395346,1.395346,100.0,0.139535
M_C2,1,Main/+3V3,1.395346,1.395346,100.0,0.139535
M_C2,2,Main/GND,1.395346,1.395346,100.0,0.139535
W_C50,1,Wheel/WHEEL_BUCK_OUT,1.395346,1.395346,100.0,0.139535
W_C50,2,Wheel/GND,1.395346,1.395346,100.0,0.139535
M_C73,1,Main/PWR_5V,1.395346,1.395346,100.0,0.139535
M_C73,2,Main/GND,1.395346,1.395346,100.0,0.139535
M_C38,1,Main/ACT_5V,1.395346,1.395346,100.0,0.139535
M_C38,2,Main/GND,1.395346,1.395346,100.0,0.139535
M_C39,1,Main/ACT_5V,1.395346,1.395346,100.0,0.139535
M_C39,2,Main/GND,1.395346,1.395346,100.0,0.139535
M_C11,1,Main/ACT_5V,1.395346,1.395346,100.0,0.139535
M_C11,2,Main/GND,1.395346,1.395346,100.0,0.139535
M_C5,1,Main/+3V3,1.395346,1.395346,100.0,0.139535
M_C5,2,Main/GND,1.395346,1.395346,100.0,0.139535
W_C44,1,Wheel/ACT_5V,1.395346,1.395346,100.0,0.139535
W_C44,2,Wheel/GND,1.395346,1.395346,100.0,0.139535
M_C3,1,Main/+3V3,1.395346,1.395346,100.0,0.139535
M_C3,2,Main/GND,1.395346,1.395346,100.0,0.139535
M_C14,1,Main/ACT_5V,1.395346,1.395346,100.0,0.139535
M_C14,2,Main/GND,1.395346,1.395346,100.0,0.139535
M_C8,1,Main/ACT_5V,1.395346,1.395346,100.0,0.139535
M_C8,2,Main/GND,1.395346,1.395346,100.0,0.139535
M_C37,1,Main/ACT_5V,1.395346,1.395346,100.0,0.139535
M_C37,2,Main/GND,1.395346,1.395346,100.0,0.139535
M_C1,1,Main/PWR_5V,1.395346,1.395346,100.0,0.139535
M_C1,2,Main/GND,1.395346,1.395346,100.0,0.139535
M_J1,A1,Main/GND,0.850088,0.850088,100.0,0.085009
M_J1,A4,Main/VBUS_USB,0.850088,0.850088,100.0,0.085009
M_J1,A5,Main/USB_CC1,0.429879,0.429879,100.0,0.042988
M_J1,A6,Main/USB_DP,0.429879,0.429879,100.0,0.042988
M_J1,A7,Main/USB_DM,0.429879,0.429879,100.0,0.042988
M_J1,A8,Main/unconnected-(J1-SBU1-PadA8),0.429879,0.429879,100.0,0.042988
M_J1,A9,Main/VBUS_USB,0.850088,0.850088,100.0,0.085009
M_J1,A12,Main/GND,0.850088,0.850088,100.0,0.085009
M_J1,B1,Main/GND,0.850088,0.850088,100.0,0.085009
M_J1,B4,Main/VBUS_USB,0.850088,0.850088,100.0,0.085009
M_J1,B5,Main/USB_CC2,0.429879,0.429879,100.0,0.042988
M_J1,B6,Main/USB_DP,0.429879,0.429879,100.0,0.042988
M_J1,B7,Main/USB_DM,0.429879,0.429879,100.0,0.042988
M_J1,B8,Main/unconnected-(J1-SBU2-PadB8),0.429879,0.429879,100.0,0.042988
M_J1,B9,Main/VBUS_USB,0.850088,0.850088,100.0,0.085009
M_J1,B12,Main/GND,0.850088,0.850088,100.0,0.085009
M_D1,1,Main/VBUS_USB,5.695346,5.695346,100.0,0.569535
M_D1,2,Main/GND,5.695346,5.695346,100.0,0.569535
M_D2,1,Main/ACT_5V,5.695346,5.695346,100.0,0.569535
M_D2,2,Main/GND,5.695346,5.695346,100.0,0.569535
W_D6,1,Wheel/ACT_5V,5.695346,5.695346,100.0,0.569535
W_D6,2,Wheel/GND,5.695346,5.695346,100.0,0.569535
E_U27,1,Encoder/ENC_SCLK_LOCAL,0.145,0.145,100.0,0.0145
E_U27,2,Encoder/GND,0.14,0.14,100.0,0.014
E_U27,3,Encoder/unconnected-(U27-PWM-Pad3),0.135,0.135,100.0,0.0135
E_U27,4,Encoder/GND,0.135,0.135,100.0,0.0135
E_U27,5,Encoder/ENC_MISO_LOCAL,0.14,0.14,100.0,0.014
E_U27,6,Encoder/unconnected-(U27-B-Pad6),0.14,0.14,100.0,0.014
E_U27,7,Encoder/ENC_CS_LOCAL,0.135,0.135,100.0,0.0135
E_U27,8,Encoder/ENC_MOSI_LOCAL,0.135,0.135,100.0,0.0135
E_U27,9,Encoder/unconnected-(U27-Z-Pad9),0.14,0.14,100.0,0.014
E_U27,10,Encoder/unconnected-(U27-A-Pad10),0.135,0.135,100.0,0.0135
E_U27,11,Encoder/unconnected-(U27-SSD-Pad11),0.135,0.135,100.0,0.0135
E_U27,12,Encoder/unconnected-(U27-MGH-Pad12),0.14,0.14,100.0,0.014
E_U27,13,Encoder/ENC_3V3,0.14,0.14,100.0,0.014
E_U27,14,Encoder/GND,0.135,0.135,100.0,0.0135
M_D5,1,Main/RGB_DIN,0.3025,0.3025,100.0,0.03025
M_D5,2,Main/RGB_5V,0.3025,0.3025,100.0,0.03025
M_D5,3,Main/unconnected-(D5-DOUT-Pad3),0.3025,0.3025,100.0,0.03025
M_D5,4,Main/GND,0.3025,0.3025,100.0,0.03025
W_U21,1,Wheel/unconnected-(U21-NC-Pad1),0.147654,0.147654,100.0,0.014765
W_U21,2,Wheel/GND,0.147654,0.147654,100.0,0.014765
W_U21,3,Wheel/WHEEL_BUCK_OUT,0.147654,0.147654,100.0,0.014765
W_U21,4,Wheel/GND,0.147654,0.147654,100.0,0.014765
W_U21,5,Wheel/WHEEL_BUCK_SW,0.147654,0.147654,100.0,0.014765
W_U21,6,Wheel/WHEEL_CPL,0.147654,0.147654,100.0,0.014765
W_U21,7,Wheel/WHEEL_CPH,0.147654,0.147654,100.0,0.014765
W_U21,8,Wheel/WHEEL_CP,0.147654,0.147654,100.0,0.014765
W_U21,9,Wheel/ACT_5V,0.147654,0.147654,100.0,0.014765
W_U21,10,Wheel/ACT_5V,0.147654,0.147654,100.0,0.014765
W_U21,11,Wheel/ACT_5V,0.147654,0.147654,100.0,0.014765
W_U21,12,Wheel/GND,0.147654,0.147654,100.0,0.014765
W_U21,13,Wheel/WHEEL_PHASE_A,0.147654,0.147654,100.0,0.014765
W_U21,14,Wheel/WHEEL_PHASE_A,0.147654,0.147654,100.0,0.014765
W_U21,15,Wheel/GND,0.147654,0.147654,100.0,0.014765
W_U21,16,Wheel/WHEEL_PHASE_B,0.147654,0.147654,100.0,0.014765
W_U21,17,Wheel/WHEEL_PHASE_B,0.147654,0.147654,100.0,0.014765
W_U21,18,Wheel/GND,0.147654,0.147654,100.0,0.014765
W_U21,19,Wheel/WHEEL_PHASE_C,0.147654,0.147654,100.0,0.014765
W_U21,20,Wheel/WHEEL_PHASE_C,0.147654,0.147654,100.0,0.014765
W_U21,21,Wheel/WHEEL_DRVOFF,0.147654,0.147654,100.0,0.014765
W_U21,22,Wheel/DRV_FAULT_LOCAL_N,0.147654,0.147654,100.0,0.014765
W_U21,23,Wheel/ACT_DRIVE_EN,0.147654,0.147654,100.0,0.014765
W_U21,24,Wheel/unconnected-(U21-NC-Pad24),0.147654,0.147654,100.0,0.014765
W_U21,25,Wheel/DRV_AVDD,0.147654,0.147654,100.0,0.014765
W_U21,26,Wheel/GND,0.147654,0.147654,100.0,0.014765
W_U21,27,Wheel/DRV_INHA,0.147654,0.147654,100.0,0.014765
W_U21,28,Wheel/WHEEL_RUN_EN,0.147654,0.147654,100.0,0.014765
W_U21,29,Wheel/DRV_INHB,0.147654,0.147654,100.0,0.014765
W_U21,30,Wheel/WHEEL_RUN_EN,0.147654,0.147654,100.0,0.014765
W_U21,31,Wheel/DRV_INHC,0.147654,0.147654,100.0,0.014765
W_U21,32,Wheel/WHEEL_RUN_EN,0.147654,0.147654,100.0,0.014765
W_U21,33,Wheel/DRV_MISO_LOCAL,0.147654,0.147654,100.0,0.014765
W_U21,34,Wheel/DRV_MOSI_LOCAL,0.147654,0.147654,100.0,0.014765
W_U21,35,Wheel/DRV_SCLK_LOCAL,0.147654,0.147654,100.0,0.014765
W_U21,36,Wheel/DRV_CS_LOCAL,0.147654,0.147654,100.0,0.014765
W_U21,37,Wheel/DRV_AVDD,0.147654,0.147654,100.0,0.014765
W_U21,38,Wheel/WHEEL_SOC,0.147654,0.147654,100.0,0.014765
W_U21,39,Wheel/WHEEL_SOB,0.147654,0.147654,100.0,0.014765
W_U21,40,Wheel/WHEEL_SOA,0.147654,0.147654,100.0,0.014765
W_U21,41,Wheel/GND,21.087654,14.461844,68.58,1.446184
M_U13,1,Main/ACT_UVLO,0.177654,0.167913,94.52,0.016791
M_U13,1,Main/ACT_UVLO,0.160154,0.150779,94.15,0.015078
M_U13,2,Main/ACT_OVLO,0.147654,0.147654,100.0,0.014765
M_U13,3,Main/unconnected-(U13-AUXOFF-Pad3),0.147654,0.147654,100.0,0.014765
M_U13,4,Main/ACT_FAULT_N,0.177654,0.167913,94.52,0.016791
M_U13,4,Main/ACT_FAULT_N,0.160154,0.150779,94.15,0.015078
M_U13,5,Main/PWR_5V,0.717654,0.588907,82.06,0.058891
M_U13,6,Main/ACT_5V,0.717654,0.588907,82.06,0.058891
M_U13,7,Main/ACT_DVDT,0.160154,0.150779,94.15,0.015078
M_U13,7,Main/ACT_DVDT,0.177654,0.167913,94.52,0.016791
M_U13,8,Main/GND,0.147654,0.147654,100.0,0.014765
M_U13,9,Main/ACT_ILM,0.147654,0.147654,100.0,0.014765
M_U13,10,Main/unconnected-(U13-ITIMER-Pad10),0.160154,0.150779,94.15,0.015078
M_U13,10,Main/unconnected-(U13-ITIMER-Pad10),0.177654,0.167913,94.52,0.016791
M_U12,1,Main/USB_UVLO,0.177654,0.167913,94.52,0.016791
M_U12,1,Main/USB_UVLO,0.160154,0.150779,94.15,0.015078
M_U12,2,Main/USB_OVLO,0.147654,0.147654,100.0,0.014765
M_U12,3,Main/unconnected-(U12-AUXOFF-Pad3),0.147654,0.147654,100.0,0.014765
M_U12,4,Main/USB_FAULT_N,0.177654,0.167913,94.52,0.016791
M_U12,4,Main/USB_FAULT_N,0.160154,0.150779,94.15,0.015078
M_U12,5,Main/VBUS_USB,0.717654,0.588907,82.06,0.058891
M_U12,6,Main/PWR_5V,0.717654,0.588907,82.06,0.058891
M_U12,7,Main/USB_DVDT,0.160154,0.150779,94.15,0.015078
M_U12,7,Main/USB_DVDT,0.177654,0.167913,94.52,0.016791
M_U12,8,Main/GND,0.147654,0.147654,100.0,0.014765
M_U12,9,Main/USB_ILM,0.147654,0.147654,100.0,0.014765
M_U12,10,Main/unconnected-(U12-ITIMER-Pad10),0.160154,0.150779,94.15,0.015078
M_U12,10,Main/unconnected-(U12-ITIMER-Pad10),0.177654,0.167913,94.52,0.016791
M_L1,1,Main/BUCK_SW,3.580088,3.580088,100.0,0.358009
M_L1,2,Main/+3V3,3.580088,3.580088,100.0,0.358009
M_U11,1,Main/USB_CC1,0.167654,0.167654,100.0,0.016765
M_U11,2,Main/USB_CC2,0.167654,0.167654,100.0,0.016765
M_U11,3,Main/GND,0.127654,0.127654,100.0,0.012765
M_U11,4,Main/CC_VBUS_DET,0.127654,0.127654,100.0,0.012765
M_U11,5,Main/unconnected-(U11-ADDR-Pad5),0.127654,0.127654,100.0,0.012765
M_U11,6,Main/unconnected-(U11-OUT3-Pad6),0.127654,0.127654,100.0,0.012765
M_U11,7,Main/CC_OUT1,0.167654,0.167654,100.0,0.016765
M_U11,8,Main/CC_OUT2,0.167654,0.167654,100.0,0.016765
M_U11,9,Main/unconnected-(U11-ID-Pad9),0.127654,0.127654,100.0,0.012765
M_U11,10,Main/GND,0.127654,0.127654,100.0,0.012765
M_U11,11,Main/GND,0.127654,0.127654,100.0,0.012765
M_U11,12,Main/+3V3,0.127654,0.127654,100.0,0.012765
W_U23,1,Wheel/WHEEL_I_C,0.205185,0.205185,100.0,0.020519
W_U23,2,Wheel/ADC2_SPARE3,0.205185,0.205185,100.0,0.020519
W_U23,3,Wheel/ADC2_SPARE4,0.205185,0.205185,100.0,0.020519
W_U23,4,Wheel/ADC2_SPARE5,0.205185,0.205185,100.0,0.020519
W_U23,5,Wheel/ADC2_SPARE6,0.205185,0.205185,100.0,0.020519
W_U23,6,Wheel/ADC2_SPARE7,0.205185,0.205185,100.0,0.020519
W_U23,7,Wheel/DRV_AVDD,0.205185,0.205185,100.0,0.020519
W_U23,8,Wheel/ADC2_DECAP,0.205185,0.205185,100.0,0.020519
W_U23,9,Wheel/GND,0.205185,0.205185,100.0,0.020519
W_U23,10,Wheel/DRV_AVDD,0.205185,0.205185,100.0,0.020519
W_U23,11,Wheel/ADC2_CS_LOCAL,0.205185,0.205185,100.0,0.020519
W_U23,12,Wheel/ADC2_MISO_LOCAL,0.205185,0.205185,100.0,0.020519
W_U23,13,Wheel/ADC2_SCLK_LOCAL,0.205185,0.205185,100.0,0.020519
W_U23,14,Wheel/ADC2_MOSI_LOCAL,0.205185,0.205185,100.0,0.020519
W_U23,15,Wheel/WHEEL_I_A,0.205185,0.205185,100.0,0.020519
W_U23,16,Wheel/WHEEL_I_B,0.205185,0.205185,100.0,0.020519
W_U23,17,Wheel/GND,2.8224,2.400154,85.04,0.240015
M_U10,1,Main/HALL_R,0.205185,0.205185,100.0,0.020519
M_U10,2,Main/BTN_L_ISENSE,0.205185,0.205185,100.0,0.020519
M_U10,3,Main/BTN_M_ISENSE,0.205185,0.205185,100.0,0.020519
M_U10,4,Main/BTN_R_ISENSE,0.205185,0.205185,100.0,0.020519
M_U10,5,Main/USB_IMON_ADC,0.205185,0.205185,100.0,0.020519
M_U10,6,Main/ACT_VMON,0.205185,0.205185,100.0,0.020519
M_U10,7,Main/+3V3,0.205185,0.205185,100.0,0.020519
M_U10,8,Main/ADC_DECAP,0.205185,0.205185,100.0,0.020519
M_U10,9,Main/GND,0.205185,0.205185,100.0,0.020519
M_U10,10,Main/+3V3,0.205185,0.205185,100.0,0.020519
M_U10,11,Main/ADC_CS,0.205185,0.205185,100.0,0.020519
M_U10,12,Main/SPI_MISO,0.205185,0.205185,100.0,0.020519
M_U10,13,Main/SPI_SCLK,0.205185,0.205185,100.0,0.020519
M_U10,14,Main/SPI_MOSI,0.205185,0.205185,100.0,0.020519
M_U10,15,Main/HALL_L,0.205185,0.205185,100.0,0.020519
M_U10,16,Main/HALL_M,0.205185,0.205185,100.0,0.020519
M_U10,17,Main/GND,2.8224,2.400154,85.04,0.240015
M_U25,1,Main/CS_DRV8316,0.581041,0.581041,100.0,0.058104
M_U25,2,Main/DRV_MISO_LOCAL,0.581041,0.581041,100.0,0.058104
M_U25,3,Main/SPI_MISO,0.581041,0.581041,100.0,0.058104
M_U25,4,Main/CS_MA735,0.581041,0.581041,100.0,0.058104
M_U25,5,Main/ENC_MISO_LOCAL,0.581041,0.581041,100.0,0.058104
M_U25,6,Main/SPI_MISO,0.581041,0.581041,100.0,0.058104
M_U25,7,Main/GND,0.581041,0.581041,100.0,0.058104
M_U25,8,Main/MOTOR_SPI_MISO,0.581041,0.581041,100.0,0.058104
M_U25,9,Main/ADC2_MISO_LOCAL,0.581041,0.581041,100.0,0.058104
M_U25,10,Main/CS_ADC2,0.581041,0.581041,100.0,0.058104
M_U25,11,Main/DRV_FAULT_N,0.581041,0.581041,100.0,0.058104
M_U25,12,Main/DRV_FAULT_LOCAL_N,0.581041,0.581041,100.0,0.058104
M_U25,13,Main/GND,0.581041,0.581041,100.0,0.058104
M_U25,14,Main/+3V3,0.581041,0.581041,100.0,0.058104
M_U17,1,Main/BTN_L_CMD1,0.581041,0.581041,100.0,0.058104
M_U17,2,Main/ACT_DRIVE_EN,0.581041,0.581041,100.0,0.058104
M_U17,3,Main/BTN_L_IN1,0.581041,0.581041,100.0,0.058104
M_U17,4,Main/BTN_L_CMD2,0.581041,0.581041,100.0,0.058104
M_U17,5,Main/ACT_DRIVE_EN,0.581041,0.581041,100.0,0.058104
M_U17,6,Main/BTN_L_IN2,0.581041,0.581041,100.0,0.058104
M_U17,7,Main/GND,0.581041,0.581041,100.0,0.058104
M_U17,8,Main/BTN_M_IN1,0.581041,0.581041,100.0,0.058104
M_U17,9,Main/BTN_M_CMD1,0.581041,0.581041,100.0,0.058104
M_U17,10,Main/ACT_DRIVE_EN,0.581041,0.581041,100.0,0.058104
M_U17,11,Main/BTN_M_IN2,0.581041,0.581041,100.0,0.058104
M_U17,12,Main/BTN_M_CMD2,0.581041,0.581041,100.0,0.058104
M_U17,13,Main/ACT_DRIVE_EN,0.581041,0.581041,100.0,0.058104
M_U17,14,Main/+3V3,0.581041,0.581041,100.0,0.058104
M_U16,1,Main/SOURCE_OK,0.581041,0.581041,100.0,0.058104
M_U16,2,Main/ACT_REQ,0.581041,0.581041,100.0,0.058104
M_U16,3,Main/ARM_SOURCE,0.581041,0.581041,100.0,0.058104
M_U16,4,Main/ARM_SOURCE,0.581041,0.581041,100.0,0.058104
M_U16,5,Main/HALL_EN,0.581041,0.581041,100.0,0.058104
M_U16,6,Main/ARM_VALID,0.581041,0.581041,100.0,0.058104
M_U16,7,Main/GND,0.581041,0.581041,100.0,0.058104
M_U16,8,Main/SOURCE_3A,0.581041,0.581041,100.0,0.058104
M_U16,9,Main/SOURCE_OK,0.581041,0.581041,100.0,0.058104
M_U16,10,Main/CC_OUT2_INV,0.581041,0.581041,100.0,0.058104
M_U16,11,Main/ACT_DRIVE_EN,0.581041,0.581041,100.0,0.058104
M_U16,12,Main/ACT_PERMIT,0.581041,0.581041,100.0,0.058104
M_U16,13,Main/ARM_VALID,0.581041,0.581041,100.0,0.058104
M_U16,14,Main/+3V3,0.581041,0.581041,100.0,0.058104
W_U22,1,Wheel/ACT_DRIVE_EN,0.581041,0.581041,100.0,0.058104
W_U22,2,Wheel/WHEEL_RUN_REQ,0.581041,0.581041,100.0,0.058104
W_U22,3,Wheel/WHEEL_RUN_EN,0.581041,0.581041,100.0,0.058104
W_U22,4,Wheel/WHEEL_PWM_A,0.581041,0.581041,100.0,0.058104
W_U22,5,Wheel/WHEEL_RUN_EN,0.581041,0.581041,100.0,0.058104
W_U22,6,Wheel/DRV_INHA,0.581041,0.581041,100.0,0.058104
W_U22,7,Wheel/GND,0.581041,0.581041,100.0,0.058104
W_U22,8,Wheel/DRV_INHB,0.581041,0.581041,100.0,0.058104
W_U22,9,Wheel/WHEEL_PWM_B,0.581041,0.581041,100.0,0.058104
W_U22,10,Wheel/WHEEL_RUN_EN,0.581041,0.581041,100.0,0.058104
W_U22,11,Wheel/DRV_INHC,0.581041,0.581041,100.0,0.058104
W_U22,12,Wheel/WHEEL_PWM_C,0.581041,0.581041,100.0,0.058104
W_U22,13,Wheel/WHEEL_RUN_EN,0.581041,0.581041,100.0,0.058104
W_U22,14,Wheel/+3V3,0.581041,0.581041,100.0,0.058104
W_U26,1,Wheel/GND,0.581041,0.581041,100.0,0.058104
W_U26,2,Wheel/MOTOR_SPI_SCLK,0.581041,0.581041,100.0,0.058104
W_U26,3,Wheel/ADC2_SCLK_LOCAL,0.581041,0.581041,100.0,0.058104
W_U26,4,Wheel/GND,0.581041,0.581041,100.0,0.058104
W_U26,5,Wheel/MOTOR_SPI_MOSI,0.581041,0.581041,100.0,0.058104
W_U26,6,Wheel/ADC2_MOSI_LOCAL,0.581041,0.581041,100.0,0.058104
W_U26,7,Wheel/GND,0.581041,0.581041,100.0,0.058104
W_U26,8,Wheel/ADC2_CS_LOCAL,0.581041,0.581041,100.0,0.058104
W_U26,9,Wheel/CS_ADC2,0.581041,0.581041,100.0,0.058104
W_U26,10,Wheel/GND,0.581041,0.581041,100.0,0.058104
W_U26,11,Wheel/unconnected-(U26-4Y-Pad11),0.581041,0.581041,100.0,0.058104
W_U26,12,Wheel/GND,0.581041,0.581041,100.0,0.058104
W_U26,13,Wheel/DRV_AVDD,0.581041,0.581041,100.0,0.058104
W_U26,14,Wheel/DRV_AVDD,0.581041,0.581041,100.0,0.058104
W_U24,1,Wheel/GND,0.581041,0.581041,100.0,0.058104
W_U24,2,Wheel/SPI_SCLK,0.581041,0.581041,100.0,0.058104
W_U24,3,Wheel/DRV_SCLK_LOCAL,0.581041,0.581041,100.0,0.058104
W_U24,4,Wheel/GND,0.581041,0.581041,100.0,0.058104
W_U24,5,Wheel/SPI_MOSI,0.581041,0.581041,100.0,0.058104
W_U24,6,Wheel/DRV_MOSI_LOCAL,0.581041,0.581041,100.0,0.058104
W_U24,7,Wheel/GND,0.581041,0.581041,100.0,0.058104
W_U24,8,Wheel/DRV_CS_LOCAL,0.581041,0.581041,100.0,0.058104
W_U24,9,Wheel/CS_DRV8316,0.581041,0.581041,100.0,0.058104
W_U24,10,Wheel/GND,0.581041,0.581041,100.0,0.058104
W_U24,11,Wheel/unconnected-(U24-4Y-Pad11),0.581041,0.581041,100.0,0.058104
W_U24,12,Wheel/GND,0.581041,0.581041,100.0,0.058104
W_U24,13,Wheel/DRV_AVDD,0.581041,0.581041,100.0,0.058104
W_U24,14,Wheel/DRV_AVDD,0.581041,0.581041,100.0,0.058104
M_U37,1,Main/CS_PAW,0.581041,0.581041,100.0,0.058104
M_U37,2,Main/SPI_MOSI,0.581041,0.581041,100.0,0.058104
M_U37,3,Main/OPT_MOSI,0.581041,0.581041,100.0,0.058104
M_U37,4,Main/CS_PAW,0.581041,0.581041,100.0,0.058104
M_U37,5,Main/SPI_SCLK,0.581041,0.581041,100.0,0.058104
M_U37,6,Main/OPT_SCLK,0.581041,0.581041,100.0,0.058104
M_U37,7,Main/GND,0.581041,0.581041,100.0,0.058104
M_U37,8,Main/SPI_MISO,0.581041,0.581041,100.0,0.058104
M_U37,9,Main/OPT_MISO,0.581041,0.581041,100.0,0.058104
M_U37,10,Main/CS_PAW,0.581041,0.581041,100.0,0.058104
M_U37,11,Main/OPT_RESET_N,0.581041,0.581041,100.0,0.058104
M_U37,12,Main/OPT_CTRL,0.581041,0.581041,100.0,0.058104
M_U37,13,Main/GND,0.581041,0.581041,100.0,0.058104
M_U37,14,Main/OPT_3V3,0.581041,0.581041,100.0,0.058104
M_U18,1,Main/BTN_R_CMD1,0.581041,0.581041,100.0,0.058104
M_U18,2,Main/ACT_DRIVE_EN,0.581041,0.581041,100.0,0.058104
M_U18,3,Main/BTN_R_IN1,0.581041,0.581041,100.0,0.058104
M_U18,4,Main/BTN_R_CMD2,0.581041,0.581041,100.0,0.058104
M_U18,5,Main/ACT_DRIVE_EN,0.581041,0.581041,100.0,0.058104
M_U18,6,Main/BTN_R_IN2,0.581041,0.581041,100.0,0.058104
M_U18,7,Main/GND,0.581041,0.581041,100.0,0.058104
M_U18,8,Main/HALL_EN,0.581041,0.581041,100.0,0.058104
M_U18,9,Main/SENS_REQ,0.581041,0.581041,100.0,0.058104
M_U18,10,Main/MCU_EN,0.581041,0.581041,100.0,0.058104
M_U18,11,Main/unconnected-(U18-4Y-Pad11),0.581041,0.581041,100.0,0.058104
M_U18,12,Main/GND,0.581041,0.581041,100.0,0.058104
M_U18,13,Main/GND,0.581041,0.581041,100.0,0.058104
M_U18,14,Main/+3V3,0.581041,0.581041,100.0,0.058104
M_U29,1,Main/GND,0.581041,0.581041,100.0,0.058104
M_U29,2,Main/SPI_SCLK,0.581041,0.581041,100.0,0.058104
M_U29,3,Main/ENC_SCLK_LOCAL,0.581041,0.581041,100.0,0.058104
M_U29,4,Main/GND,0.581041,0.581041,100.0,0.058104
M_U29,5,Main/SPI_MOSI,0.581041,0.581041,100.0,0.058104
M_U29,6,Main/ENC_MOSI_LOCAL,0.581041,0.581041,100.0,0.058104
M_U29,7,Main/GND,0.581041,0.581041,100.0,0.058104
M_U29,8,Main/ENC_CS_LOCAL,0.581041,0.581041,100.0,0.058104
M_U29,9,Main/CS_MA735,0.581041,0.581041,100.0,0.058104
M_U29,10,Main/GND,0.581041,0.581041,100.0,0.058104
M_U29,11,Main/unconnected-(U29-4Y-Pad11),0.581041,0.581041,100.0,0.058104
M_U29,12,Main/GND,0.581041,0.581041,100.0,0.058104
M_U29,13,Main/ENC_3V3,0.581041,0.581041,100.0,0.058104
M_U29,14,Main/ENC_3V3,0.581041,0.581041,100.0,0.058104
M_U15,1,Main/GND,0.430622,0.430622,100.0,0.043062
M_U15,2,Main/ACT_HEARTBEAT,0.430622,0.430622,100.0,0.043062
M_U15,3,Main/ARM_VALID,0.430622,0.430622,100.0,0.043062
M_U15,4,Main/GND,0.430622,0.430622,100.0,0.043062
M_U15,5,Main/ACT_PERMIT,0.430622,0.430622,100.0,0.043062
M_U15,6,Main/WD_CEXT,0.430622,0.430622,100.0,0.043062
M_U15,7,Main/WD_RCEXT,0.430622,0.430622,100.0,0.043062
M_U15,8,Main/+3V3,0.430622,0.430622,100.0,0.043062
M_U5,1,Main/BTN_M_ISENSE,0.146435,0.146435,100.0,0.014644
M_U5,2,Main/BTN_M_IN2,0.146435,0.146435,100.0,0.014644
M_U5,3,Main/BTN_M_IN1,0.146435,0.146435,100.0,0.014644
M_U5,4,Main/BTN_M_VREF,0.146435,0.146435,100.0,0.014644
M_U5,5,Main/ACT_5V,0.146435,0.146435,100.0,0.014644
M_U5,6,Main/BTN_M_COIL_P,0.146435,0.146435,100.0,0.014644
M_U5,7,Main/GND,0.146435,0.146435,100.0,0.014644
M_U5,8,Main/BTN_M_COIL_N,0.146435,0.146435,100.0,0.014644
M_U5,9,Main/GND,1.44,1.255307,87.17,0.125531
M_U4,1,Main/BTN_L_ISENSE,0.146435,0.146435,100.0,0.014644
M_U4,2,Main/BTN_L_IN2,0.146435,0.146435,100.0,0.014644
M_U4,3,Main/BTN_L_IN1,0.146435,0.146435,100.0,0.014644
M_U4,4,Main/BTN_L_VREF,0.146435,0.146435,100.0,0.014644
M_U4,5,Main/ACT_5V,0.146435,0.146435,100.0,0.014644
M_U4,6,Main/BTN_L_COIL_P,0.146435,0.146435,100.0,0.014644
M_U4,7,Main/GND,0.146435,0.146435,100.0,0.014644
M_U4,8,Main/BTN_L_COIL_N,0.146435,0.146435,100.0,0.014644
M_U4,9,Main/GND,1.44,1.255307,87.17,0.125531
M_U2,1,Main/GND,0.146435,0.146435,100.0,0.014644
M_U2,2,Main/PWR_5V,0.146435,0.146435,100.0,0.014644
M_U2,3,Main/PWR_5V,0.146435,0.146435,100.0,0.014644
M_U2,4,Main/GND,0.146435,0.146435,100.0,0.014644
M_U2,5,Main/GND,0.146435,0.146435,100.0,0.014644
M_U2,6,Main/+3V3,0.146435,0.146435,100.0,0.014644
M_U2,7,Main/BUCK_SW,0.146435,0.146435,100.0,0.014644
M_U2,8,Main/LOGIC_PG,0.146435,0.146435,100.0,0.014644
M_U2,9,Main/GND,1.44,1.255307,87.17,0.125531
M_U6,1,Main/BTN_R_ISENSE,0.146435,0.146435,100.0,0.014644
M_U6,2,Main/BTN_R_IN2,0.146435,0.146435,100.0,0.014644
M_U6,3,Main/BTN_R_IN1,0.146435,0.146435,100.0,0.014644
M_U6,4,Main/BTN_R_VREF,0.146435,0.146435,100.0,0.014644
M_U6,5,Main/ACT_5V,0.146435,0.146435,100.0,0.014644
M_U6,6,Main/BTN_R_COIL_P,0.146435,0.146435,100.0,0.014644
M_U6,7,Main/GND,0.146435,0.146435,100.0,0.014644
M_U6,8,Main/BTN_R_COIL_N,0.146435,0.146435,100.0,0.014644
M_U6,9,Main/GND,1.44,1.255307,87.17,0.125531
M_U7,1,Main/+3V3,0.133935,0.133935,100.0,0.013394
M_U7,2,Main/GND,0.133935,0.133935,100.0,0.013394
M_U7,3,Main/HALL_EN,0.133935,0.133935,100.0,0.013394
M_U7,4,Main/HALL_L,0.133935,0.133935,100.0,0.013394
M_U7,5,Main/GND,0.48,0.430854,89.76,0.043085
M_U9,1,Main/+3V3,0.133935,0.133935,100.0,0.013394
M_U9,2,Main/GND,0.133935,0.133935,100.0,0.013394
M_U9,3,Main/HALL_EN,0.133935,0.133935,100.0,0.013394
M_U9,4,Main/HALL_R,0.133935,0.133935,100.0,0.013394
M_U9,5,Main/GND,0.48,0.430854,89.76,0.043085
M_U8,1,Main/+3V3,0.133935,0.133935,100.0,0.013394
M_U8,2,Main/GND,0.133935,0.133935,100.0,0.013394
M_U8,3,Main/HALL_EN,0.133935,0.133935,100.0,0.013394
M_U8,4,Main/HALL_M,0.133935,0.133935,100.0,0.013394
M_U8,5,Main/GND,0.48,0.430854,89.76,0.043085
M_Q3,1,Main/VBUS_GATE,0.865088,0.865088,100.0,0.086509
M_Q3,2,Main/GND,0.865088,0.865088,100.0,0.086509
M_Q3,3,Main/VBUS_PRESENT_N,0.865088,0.865088,100.0,0.086509
W_Q5,1,Wheel/BRAKE_GATE,0.865088,0.865088,100.0,0.086509
W_Q5,2,Wheel/GND,0.865088,0.865088,100.0,0.086509
W_Q5,3,Wheel/BRAKE_DRAIN,0.865088,0.865088,100.0,0.086509
M_D4,1,Main/ACT_VMON,0.865088,0.865088,100.0,0.086509
M_D4,2,,0.865088,0.865088,100.0,0.086509
M_D4,3,Main/+3V3,0.865088,0.865088,100.0,0.086509
M_Q2,1,Main/SOURCE_3A,0.865088,0.865088,100.0,0.086509
M_Q2,2,Main/GND,0.865088,0.865088,100.0,0.086509
M_Q2,3,Main/ILM_HIGH_D,0.865088,0.865088,100.0,0.086509
W_U31,1,Wheel/BRAKE_REF,0.865088,0.865088,100.0,0.086509
W_U31,2,Wheel/GND,0.865088,0.865088,100.0,0.086509
W_U31,3,Wheel/unconnected-(U31-NC-Pad3),0.865088,0.865088,100.0,0.086509
M_D3,1,Main/ACT_UVLO,0.865088,0.865088,100.0,0.086509
M_D3,2,,0.865088,0.865088,100.0,0.086509
M_D3,3,Main/ACT_DRIVE_EN,0.865088,0.865088,100.0,0.086509
M_Q1,1,Main/SOURCE_OK,0.865088,0.865088,100.0,0.086509
M_Q1,2,Main/GND,0.865088,0.865088,100.0,0.086509
M_Q1,3,Main/ILM_MED_D,0.865088,0.865088,100.0,0.086509
W_Q4,1,Wheel/WHEEL_RUN_EN,0.865088,0.865088,100.0,0.086509
W_Q4,2,Wheel/GND,0.865088,0.865088,100.0,0.086509
W_Q4,3,Wheel/WHEEL_DRVOFF,0.865088,0.865088,100.0,0.086509
M_U34,1,Main/unconnected-(U34-NC-Pad1),0.775088,0.775088,100.0,0.077509
M_U34,2,Main/RGB_DATA,0.775088,0.775088,100.0,0.077509
M_U34,3,Main/GND,0.775088,0.775088,100.0,0.077509
M_U34,4,Main/RGB_BUFFER_OUT,0.775088,0.775088,100.0,0.077509
M_U34,5,Main/RGB_5V,0.775088,0.775088,100.0,0.077509
M_U39,1,Main/GND,0.775088,0.775088,100.0,0.077509
M_U39,2,Main/CS_PAW,0.775088,0.775088,100.0,0.077509
M_U39,3,Main/GND,0.775088,0.775088,100.0,0.077509
M_U39,4,Main/OPT_CS_N,0.775088,0.775088,100.0,0.077509
M_U39,5,Main/OPT_3V3,0.775088,0.775088,100.0,0.077509
M_U33,1,Main/PWR_5V,0.775088,0.775088,100.0,0.077509
M_U33,2,Main/GND,0.775088,0.775088,100.0,0.077509
M_U33,3,Main/HALL_EN,0.775088,0.775088,100.0,0.077509
M_U33,4,Main/unconnected-(U33-NC-Pad4),0.775088,0.775088,100.0,0.077509
M_U33,5,Main/RGB_5V,0.775088,0.775088,100.0,0.077509
M_U36,1,Main/OPT_3V3,0.775088,0.775088,100.0,0.077509
M_U36,2,Main/GND,0.775088,0.775088,100.0,0.077509
M_U36,3,Main/OPT_3V3,0.775088,0.775088,100.0,0.077509
M_U36,4,Main/unconnected-(U36-NC-Pad4),0.775088,0.775088,100.0,0.077509
M_U36,5,Main/OPT_1V9,0.775088,0.775088,100.0,0.077509
M_U19,1,Main/USB_IMON_BUF,0.775088,0.775088,100.0,0.077509
M_U19,2,Main/GND,0.775088,0.775088,100.0,0.077509
M_U19,3,Main/USB_ILM,0.775088,0.775088,100.0,0.077509
M_U19,4,Main/USB_IMON_BUF,0.775088,0.775088,100.0,0.077509
M_U19,5,Main/+3V3,0.775088,0.775088,100.0,0.077509
W_U30,1,Wheel/BRAKE_OUT,0.775088,0.775088,100.0,0.077509
W_U30,2,Wheel/GND,0.775088,0.775088,100.0,0.077509
W_U30,3,Wheel/BRAKE_SENSE,0.775088,0.775088,100.0,0.077509
W_U30,4,Wheel/BRAKE_REF,0.775088,0.775088,100.0,0.077509
W_U30,5,Wheel/ACT_5V,0.775088,0.775088,100.0,0.077509
M_U38,1,Main/+3V3,0.775088,0.775088,100.0,0.077509
M_U38,2,Main/GND,0.775088,0.775088,100.0,0.077509
M_U38,3,Main/HALL_EN,0.775088,0.775088,100.0,0.077509
M_U38,4,Main/OPT_RAMP_CT,0.775088,0.775088,100.0,0.077509
M_U38,5,Main/unconnected-(U38-QOD-Pad5),0.775088,0.775088,100.0,0.077509
M_U38,6,Main/OPT_3V3,0.775088,0.775088,100.0,0.077509
M_U20,1,Main/USB_CC1,0.404933,0.404933,100.0,0.040493
M_U20,2,Main/USB_CC2,0.404933,0.404933,100.0,0.040493
M_U20,3,Main/GND,0.404933,0.404933,100.0,0.040493
M_U14,1,Main/CC_OUT1,0.351872,0.351872,100.0,0.035187
M_U14,2,Main/GND,0.351872,0.351872,100.0,0.035187
M_U14,3,Main/CC_OUT2,0.351872,0.351872,100.0,0.035187
M_U14,4,Main/CC_OUT2_INV,0.351872,0.351872,100.0,0.035187
M_U14,5,Main/+3V3,0.351872,0.351872,100.0,0.035187
M_U14,6,Main/SOURCE_OK,0.351872,0.351872,100.0,0.035187
M_U28,1,Main/+3V3,0.351872,0.351872,100.0,0.035187
M_U28,2,Main/GND,0.351872,0.351872,100.0,0.035187
M_U28,3,Main/HALL_EN,0.351872,0.351872,100.0,0.035187
M_U28,4,Main/unconnected-(U28-NC-Pad4),0.351872,0.351872,100.0,0.035187
M_U28,5,Main/ENC_QOD,0.351872,0.351872,100.0,0.035187
M_U28,6,Main/ENC_3V3,0.351872,0.351872,100.0,0.035187
M_U1,1,Main/USB_DP,0.084879,0.084879,100.0,0.008488
M_U1,2,Main/USB_DM,0.084879,0.084879,100.0,0.008488
M_U1,3,Main/GND,0.084879,0.084879,100.0,0.008488
M_U3,1,Main/GND,0.32,0.32,100.0,0.032
M_U3,2,Main/GND,0.32,0.32,100.0,0.032
M_U3,3,Main/+3V3,0.32,0.32,100.0,0.032
M_U3,4,Main/BOOT,0.32,0.32,100.0,0.032
M_U3,5,Main/VBUS_PRESENT_N,0.32,0.32,100.0,0.032
M_U3,6,Main/CS_PAW,0.32,0.32,100.0,0.032
M_U3,7,Main/WHEEL_RUN_REQ,0.32,0.32,100.0,0.032
M_U3,8,Main/BTN_L_CMD1,0.32,0.32,100.0,0.032
M_U3,9,Main/BTN_L_CMD2,0.32,0.32,100.0,0.032
M_U3,10,Main/BTN_M_CMD1,0.32,0.32,100.0,0.032
M_U3,11,Main/BTN_M_CMD2,0.32,0.32,100.0,0.032
M_U3,12,Main/BTN_R_CMD1,0.32,0.32,100.0,0.032
M_U3,13,Main/BTN_R_CMD2,0.32,0.32,100.0,0.032
M_U3,14,Main/ADC_CS,0.32,0.32,100.0,0.032
M_U3,15,Main/SPI_MOSI,0.32,0.32,100.0,0.032
M_U3,16,Main/SPI_SCLK,0.32,0.32,100.0,0.032
M_U3,17,Main/SPI_MISO,0.32,0.32,100.0,0.032
M_U3,18,Main/CC_OUT1,0.32,0.32,100.0,0.032
M_U3,19,Main/CC_OUT2,0.32,0.32,100.0,0.032
M_U3,20,Main/ACT_REQ,0.32,0.32,100.0,0.032
M_U3,21,Main/ACT_HEARTBEAT,0.32,0.32,100.0,0.032
M_U3,22,Main/SENS_REQ,0.32,0.32,100.0,0.032
M_U3,23,Main/MCU_USB_DM,0.32,0.32,100.0,0.032
M_U3,24,Main/MCU_USB_DP,0.32,0.32,100.0,0.032
M_U3,25,Main/CS_IMU,0.32,0.32,100.0,0.032
M_U3,26,Main/OPT_CTRL,0.32,0.32,100.0,0.032
M_U3,27,Main/WHEEL_PWM_B,0.32,0.32,100.0,0.032
M_U3,28,Main/MOTOR_SPI_MOSI,0.32,0.32,100.0,0.032
M_U3,29,Main/MOTOR_SPI_SCLK,0.32,0.32,100.0,0.032
M_U3,30,Main/WHEEL_PWM_C,0.32,0.32,100.0,0.032
M_U3,31,Main/MOTOR_SPI_MISO,0.32,0.32,100.0,0.032
M_U3,32,Main/CS_ADC2,0.32,0.32,100.0,0.032
M_U3,33,Main/CS_MA735,0.32,0.32,100.0,0.032
M_U3,34,Main/CS_DRV8316,0.32,0.32,100.0,0.032
M_U3,35,Main/PAW_MOTION_N,0.32,0.32,100.0,0.032
M_U3,36,Main/IMU_INT1,0.32,0.32,100.0,0.032
M_U3,37,Main/DRV_FAULT_N,0.32,0.32,100.0,0.032
M_U3,38,Main/WHEEL_PWM_A,0.32,0.32,100.0,0.032
M_U3,39,Main/UART_TX,0.32,0.32,100.0,0.032
M_U3,40,Main/UART_RX,0.32,0.32,100.0,0.032
M_U3,41,Main/RGB_DATA,0.32,0.32,100.0,0.032
M_U3,42,Main/GND,0.32,0.32,100.0,0.032
M_U3,43,Main/GND,0.32,0.32,100.0,0.032
M_U3,44,Main/BOOT_SAFE_SPARE,0.32,0.32,100.0,0.032
M_U3,45,Main/MCU_EN,0.32,0.32,100.0,0.032
M_U3,46,Main/GND,0.32,0.32,100.0,0.032
M_U3,47,Main/GND,0.32,0.32,100.0,0.032
M_U3,48,Main/GND,0.32,0.32,100.0,0.032
M_U3,49,Main/GND,0.32,0.32,100.0,0.032
M_U3,50,Main/GND,0.32,0.32,100.0,0.032
M_U3,51,Main/GND,0.32,0.32,100.0,0.032
M_U3,52,Main/GND,0.32,0.32,100.0,0.032
M_U3,53,Main/GND,0.32,0.32,100.0,0.032
M_U3,54,Main/GND,0.32,0.32,100.0,0.032
M_U3,55,Main/GND,0.32,0.32,100.0,0.032
M_U3,56,Main/GND,0.32,0.32,100.0,0.032
M_U3,57,Main/GND,0.32,0.32,100.0,0.032
M_U3,58,Main/GND,0.32,0.32,100.0,0.032
M_U3,59,Main/GND,0.32,0.32,100.0,0.032
M_U3,60,Main/GND,0.32,0.32,100.0,0.032
M_U3,61,Main/GND,1.361592,1.361592,100.0,0.136159
M_U3,61,Main/GND,1.44,1.44,100.0,0.144
M_U3,61,Main/GND,1.44,1.44,100.0,0.144
M_U3,61,Main/GND,1.44,1.44,100.0,0.144
M_U3,61,Main/GND,1.44,1.44,100.0,0.144
M_U3,61,Main/GND,1.44,1.44,100.0,0.144
M_U3,61,Main/GND,1.44,1.44,100.0,0.144
M_U3,61,Main/GND,1.44,1.44,100.0,0.144
M_U3,61,Main/GND,1.44,1.44,100.0,0.144
M_U3,62,Main/GND,0.64,0.64,100.0,0.064
M_U3,63,Main/GND,0.64,0.64,100.0,0.064
M_U3,64,Main/GND,0.64,0.64,100.0,0.064
M_U3,65,Main/GND,0.64,0.64,100.0,0.064
M_R24,1,Main/BTN_R_ISENSE,0.72485,0.72485,100.0,0.072485
M_R24,2,Main/GND,0.72485,0.72485,100.0,0.072485
M_R37,1,Main/ACT_UV_1,0.72485,0.72485,100.0,0.072485
M_R37,2,Main/ACT_UV_2,0.72485,0.72485,100.0,0.072485
M_R16,1,Main/+3V3,0.72485,0.72485,100.0,0.072485
M_R16,2,Main/BTN_M_VREF,0.72485,0.72485,100.0,0.072485
M_R131,1,Main/OPT_3V3,0.72485,0.72485,100.0,0.072485
M_R131,2,Main/OPT_CS_N,0.72485,0.72485,100.0,0.072485
W_R106,1,Wheel/ADC2_SPARE4,0.72485,0.72485,100.0,0.072485
W_R106,2,Wheel/GND,0.72485,0.72485,100.0,0.072485
M_R54,1,Main/BTN_R_CMD1,0.72485,0.72485,100.0,0.072485
M_R54,2,Main/GND,0.72485,0.72485,100.0,0.072485
W_R95,1,Wheel/SPI_MOSI,0.72485,0.72485,100.0,0.072485
W_R95,2,Wheel/GND,0.72485,0.72485,100.0,0.072485
M_R26,1,Main/+3V3,0.72485,0.72485,100.0,0.072485
M_R26,2,Main/CC_OUT1,0.72485,0.72485,100.0,0.072485
W_R84,1,Wheel/ACT_DRIVE_EN,0.72485,0.72485,100.0,0.072485
W_R84,2,Wheel/GND,0.72485,0.72485,100.0,0.072485
M_R58,1,Main/ILM_BASE_2,0.72485,0.72485,100.0,0.072485
M_R58,2,Main/GND,0.72485,0.72485,100.0,0.072485
M_R5,1,Main/MCU_USB_DM,0.72485,0.72485,100.0,0.072485
M_R5,2,Main/USB_DM,0.72485,0.72485,100.0,0.072485
M_R61,1,Main/USB_ILM,0.72485,0.72485,100.0,0.072485
M_R61,2,Main/ILM_HIGH_D,0.72485,0.72485,100.0,0.072485
M_R6,1,Main/MCU_USB_DP,0.72485,0.72485,100.0,0.072485
M_R6,2,Main/USB_DP,0.72485,0.72485,100.0,0.072485
M_R76,1,Main/+3V3,0.72485,0.72485,100.0,0.072485
M_R76,2,Main/CS_DRV8316,0.72485,0.72485,100.0,0.072485
W_R108,1,Wheel/ADC2_SPARE6,0.72485,0.72485,100.0,0.072485
W_R108,2,Wheel/GND,0.72485,0.72485,100.0,0.072485
M_R51,1,Main/BTN_L_CMD2,0.72485,0.72485,100.0,0.072485
M_R51,2,Main/GND,0.72485,0.72485,100.0,0.072485
W_R86,1,Wheel/DRV_AVDD,0.72485,0.72485,100.0,0.072485
W_R86,2,Wheel/DRV_CS_LOCAL,0.72485,0.72485,100.0,0.072485
M_R80,1,Main/BOOT_SAFE_SPARE,0.72485,0.72485,100.0,0.072485
M_R80,2,Main/GND,0.72485,0.72485,100.0,0.072485
M_R70,1,Main/SENS_REQ,0.72485,0.72485,100.0,0.072485
M_R70,2,Main/GND,0.72485,0.72485,100.0,0.072485
W_R120,1,Wheel/BRAKE_GATE,0.72485,0.72485,100.0,0.072485
W_R120,2,Wheel/GND,0.72485,0.72485,100.0,0.072485
M_R67,1,Main/ACT_5V,0.72485,0.72485,100.0,0.072485
M_R67,2,Main/ACT_VMON,0.72485,0.72485,100.0,0.072485
M_R63,1,Main/SOURCE_3A,0.72485,0.72485,100.0,0.072485
M_R63,2,Main/GND,0.72485,0.72485,100.0,0.072485
M_R45,1,Main/ACT_FAULT_N,0.72485,0.72485,100.0,0.072485
M_R45,2,Main/MCU_EN,0.72485,0.72485,100.0,0.072485
W_R115,1,Wheel/BRAKE_OUT,0.72485,0.72485,100.0,0.072485
W_R115,2,Wheel/BRAKE_FB_1,0.72485,0.72485,100.0,0.072485
M_R48,1,Main/ACT_REQ,0.72485,0.72485,100.0,0.072485
M_R48,2,Main/GND,0.72485,0.72485,100.0,0.072485
M_R12,1,Main/BTN_L_ISENSE,0.72485,0.72485,100.0,0.072485
M_R12,2,Main/GND,0.72485,0.72485,100.0,0.072485
M_R20,1,Main/BTN_R_IN1,0.72485,0.72485,100.0,0.072485
M_R20,2,Main/GND,0.72485,0.72485,100.0,0.072485
M_R30,1,Main/USB_UVLO,0.72485,0.72485,100.0,0.072485
M_R30,2,Main/GND,0.72485,0.72485,100.0,0.072485
W_R140,1,Wheel/WHEEL_PWM_C,0.72485,0.72485,100.0,0.072485
W_R140,2,Wheel/GND,0.72485,0.72485,100.0,0.072485
M_R9,1,Main/BTN_L_IN2,0.72485,0.72485,100.0,0.072485
M_R9,2,Main/GND,0.72485,0.72485,100.0,0.072485
M_R79,1,Main/OPT_CTRL,0.72485,0.72485,100.0,0.072485
M_R79,2,Main/GND,0.72485,0.72485,100.0,0.072485
M_R46,1,Main/+3V3,0.72485,0.72485,100.0,0.072485
M_R46,2,Main/WD_RCEXT,0.72485,0.72485,100.0,0.072485
M_R18,1,Main/BTN_M_ISENSE,0.72485,0.72485,100.0,0.072485
M_R18,2,Main/GND,0.72485,0.72485,100.0,0.072485
W_R112,1,Wheel/ACT_5V,0.72485,0.72485,100.0,0.072485
W_R112,2,Wheel/BRAKE_DIV_TOP,0.72485,0.72485,100.0,0.072485
M_R73,1,Main/+3V3,0.72485,0.72485,100.0,0.072485
M_R73,2,Main/CS_IMU,0.72485,0.72485,100.0,0.072485
W_R104,1,Wheel/WHEEL_SOC,0.72485,0.72485,100.0,0.072485
W_R104,2,Wheel/WHEEL_I_C,0.72485,0.72485,100.0,0.072485
M_R56,1,Main/USB_ILM,0.72485,0.72485,100.0,0.072485
M_R56,2,Main/ILM_BASE_1,0.72485,0.72485,100.0,0.072485
M_R44,1,Main/USB_FAULT_N,0.72485,0.72485,100.0,0.072485
M_R44,2,Main/MCU_EN,0.72485,0.72485,100.0,0.072485
W_R83,1,Wheel/WHEEL_RUN_EN,0.72485,0.72485,100.0,0.072485
W_R83,2,Wheel/GND,0.72485,0.72485,100.0,0.072485
M_R143,1,Main/ADC2_MISO_LOCAL,0.72485,0.72485,100.0,0.072485
M_R143,2,Main/GND,0.72485,0.72485,100.0,0.072485
M_R15,1,Main/BTN_M_IN2,0.72485,0.72485,100.0,0.072485
M_R15,2,Main/GND,0.72485,0.72485,100.0,0.072485
W_R117,1,Wheel/BRAKE_FB_2,0.72485,0.72485,100.0,0.072485
W_R117,2,Wheel/BRAKE_SENSE,0.72485,0.72485,100.0,0.072485
W_R103,1,Wheel/WHEEL_SOB,0.72485,0.72485,100.0,0.072485
W_R103,2,Wheel/WHEEL_I_B,0.72485,0.72485,100.0,0.072485
M_R141,1,Main/DRV_FAULT_LOCAL_N,0.72485,0.72485,100.0,0.072485
M_R141,2,Main/GND,0.72485,0.72485,100.0,0.072485
M_R130,1,Main/RGB_5V,0.72485,0.72485,100.0,0.072485
M_R130,2,Main/GND,0.72485,0.72485,100.0,0.072485
W_R94,1,Wheel/SPI_SCLK,0.72485,0.72485,100.0,0.072485
W_R94,2,Wheel/GND,0.72485,0.72485,100.0,0.072485
W_R97,1,Wheel/MOTOR_SPI_MOSI,0.72485,0.72485,100.0,0.072485
W_R97,2,Wheel/GND,0.72485,0.72485,100.0,0.072485
W_R144,1,Wheel/CS_DRV8316,0.72485,0.72485,100.0,0.072485
W_R144,2,Wheel/GND,0.72485,0.72485,100.0,0.072485
W_R116,1,Wheel/BRAKE_FB_1,0.72485,0.72485,100.0,0.072485
W_R116,2,Wheel/BRAKE_FB_2,0.72485,0.72485,100.0,0.072485
M_R99,1,Main/ENC_3V3,0.72485,0.72485,100.0,0.072485
M_R99,2,Main/ENC_CS_LOCAL,0.72485,0.72485,100.0,0.072485
M_R36,1,Main/PWR_5V,0.72485,0.72485,100.0,0.072485
M_R36,2,Main/ACT_UV_1,0.72485,0.72485,100.0,0.072485
M_R4,1,Main/+3V3,0.72485,0.72485,100.0,0.072485
M_R4,2,Main/BOOT,0.72485,0.72485,100.0,0.072485
W_R114,1,Wheel/BRAKE_SENSE,0.72485,0.72485,100.0,0.072485
W_R114,2,Wheel/GND,0.72485,0.72485,100.0,0.072485
M_R29,1,Main/VBUS_USB,0.72485,0.72485,100.0,0.072485
M_R29,2,Main/USB_UVLO,0.72485,0.72485,100.0,0.072485
M_R11,1,Main/BTN_L_VREF,0.72485,0.72485,100.0,0.072485
M_R11,2,Main/GND,0.72485,0.72485,100.0,0.072485
M_R17,1,Main/BTN_M_VREF,0.72485,0.72485,100.0,0.072485
M_R17,2,Main/GND,0.72485,0.72485,100.0,0.072485
W_R113,1,Wheel/BRAKE_DIV_TOP,0.72485,0.72485,100.0,0.072485
W_R113,2,Wheel/BRAKE_SENSE,0.72485,0.72485,100.0,0.072485
M_R39,1,Main/ACT_UVLO,0.72485,0.72485,100.0,0.072485
M_R39,2,Main/GND,0.72485,0.72485,100.0,0.072485
M_R110,1,Main/HALL_EN,0.72485,0.72485,100.0,0.072485
M_R110,2,Main/GND,0.72485,0.72485,100.0,0.072485
M_R22,1,Main/+3V3,0.72485,0.72485,100.0,0.072485
M_R22,2,Main/BTN_R_VREF,0.72485,0.72485,100.0,0.072485
M_R68,1,Main/ACT_VMON,0.72485,0.72485,100.0,0.072485
M_R68,2,Main/GND,0.72485,0.72485,100.0,0.072485
W_R139,1,Wheel/WHEEL_PWM_B,0.72485,0.72485,100.0,0.072485
W_R139,2,Wheel/GND,0.72485,0.72485,100.0,0.072485
M_R77,1,Main/WHEEL_RUN_REQ,0.72485,0.72485,100.0,0.072485
M_R77,2,Main/GND,0.72485,0.72485,100.0,0.072485
M_R127,1,Main/+3V3,0.72485,0.72485,100.0,0.072485
M_R127,2,Main/IMU_INT1,0.72485,0.72485,100.0,0.072485
M_R10,1,Main/+3V3,0.72485,0.72485,100.0,0.072485
M_R10,2,Main/BTN_L_VREF,0.72485,0.72485,100.0,0.072485
M_R40,1,Main/PWR_5V,0.72485,0.72485,100.0,0.072485
M_R40,2,Main/ACT_OVLO,0.72485,0.72485,100.0,0.072485
W_R82,1,Wheel/DRV_AVDD,0.72485,0.72485,100.0,0.072485
W_R82,2,Wheel/WHEEL_DRVOFF,0.72485,0.72485,100.0,0.072485
W_R107,1,Wheel/ADC2_SPARE5,0.72485,0.72485,100.0,0.072485
W_R107,2,Wheel/GND,0.72485,0.72485,100.0,0.072485
W_R111,1,Wheel/ACT_5V,0.72485,0.72485,100.0,0.072485
W_R111,2,Wheel/BRAKE_REF,0.72485,0.72485,100.0,0.072485
M_R133,1,Main/OPT_3V3,0.72485,0.72485,100.0,0.072485
M_R133,2,Main/OPT_SCLK,0.72485,0.72485,100.0,0.072485
W_R92,1,Wheel/DRV_INHC,0.72485,0.72485,100.0,0.072485
W_R92,2,Wheel/GND,0.72485,0.72485,100.0,0.072485
M_R52,1,Main/BTN_M_CMD1,0.72485,0.72485,100.0,0.072485
M_R52,2,Main/GND,0.72485,0.72485,100.0,0.072485
M_R72,1,Main/+3V3,0.72485,0.72485,100.0,0.072485
M_R72,2,Main/CS_PAW,0.72485,0.72485,100.0,0.072485
M_R33,1,Main/USB_OV_2,0.72485,0.72485,100.0,0.072485
M_R33,2,Main/USB_OV_3,0.72485,0.72485,100.0,0.072485
M_R101,1,Main/ENC_MISO_LOCAL,0.72485,0.72485,100.0,0.072485
M_R101,2,Main/GND,0.72485,0.72485,100.0,0.072485
M_R47,1,Main/ACT_HEARTBEAT,0.72485,0.72485,100.0,0.072485
M_R47,2,Main/GND,0.72485,0.72485,100.0,0.072485
M_R132,1,Main/OPT_1V9,0.72485,0.72485,100.0,0.072485
M_R132,2,Main/OPT_LED_P,0.72485,0.72485,100.0,0.072485
W_R96,1,Wheel/MOTOR_SPI_SCLK,0.72485,0.72485,100.0,0.072485
W_R96,2,Wheel/GND,0.72485,0.72485,100.0,0.072485
M_R126,1,Main/IMU_PIN9,0.72485,0.72485,100.0,0.072485
M_R126,2,Main/GND,0.72485,0.72485,100.0,0.072485
W_R88,1,Wheel/DRV_AVDD,0.72485,0.72485,100.0,0.072485
W_R88,2,Wheel/DRV_FAULT_LOCAL_N,0.72485,0.72485,100.0,0.072485
W_R119,1,Wheel/BRAKE_OUT,0.72485,0.72485,100.0,0.072485
W_R119,2,Wheel/BRAKE_GATE,0.72485,0.72485,100.0,0.072485
M_R41,1,Main/ACT_OVLO,0.72485,0.72485,100.0,0.072485
M_R41,2,Main/GND,0.72485,0.72485,100.0,0.072485
M_R62,1,Main/SOURCE_OK,0.72485,0.72485,100.0,0.072485
M_R62,2,Main/GND,0.72485,0.72485,100.0,0.072485
M_R25,1,Main/VBUS_USB,0.72485,0.72485,100.0,0.072485
M_R25,2,Main/CC_VBUS_DET,0.72485,0.72485,100.0,0.072485
M_R136,1,Main/OPT_3V3,0.72485,0.72485,100.0,0.072485
M_R136,2,Main/PAW_MOTION_N,0.72485,0.72485,100.0,0.072485
W_R102,1,Wheel/WHEEL_SOA,0.72485,0.72485,100.0,0.072485
W_R102,2,Wheel/WHEEL_I_A,0.72485,0.72485,100.0,0.072485
M_R50,1,Main/BTN_L_CMD1,0.72485,0.72485,100.0,0.072485
M_R50,2,Main/GND,0.72485,0.72485,100.0,0.072485
M_R27,1,Main/+3V3,0.72485,0.72485,100.0,0.072485
M_R27,2,Main/CC_OUT2,0.72485,0.72485,100.0,0.072485
M_R55,1,Main/BTN_R_CMD2,0.72485,0.72485,100.0,0.072485
M_R55,2,Main/GND,0.72485,0.72485,100.0,0.072485
M_R60,1,Main/USB_ILM,0.72485,0.72485,100.0,0.072485
M_R60,2,Main/ILM_HIGH_D,0.72485,0.72485,100.0,0.072485
M_R125,1,Main/ENC_QOD,0.72485,0.72485,100.0,0.072485
M_R125,2,Main/ENC_3V3,0.72485,0.72485,100.0,0.072485
W_R91,1,Wheel/DRV_INHB,0.72485,0.72485,100.0,0.072485
W_R91,2,Wheel/GND,0.72485,0.72485,100.0,0.072485
M_R78,1,Main/RGB_DATA,0.72485,0.72485,100.0,0.072485
M_R78,2,Main/GND,0.72485,0.72485,100.0,0.072485
M_R74,1,Main/+3V3,0.72485,0.72485,100.0,0.072485
M_R74,2,Main/CS_ADC2,0.72485,0.72485,100.0,0.072485
W_R87,1,Wheel/DRV_AVDD,0.72485,0.72485,100.0,0.072485
W_R87,2,Wheel/DRV_MISO_LOCAL,0.72485,0.72485,100.0,0.072485
W_R137,1,Wheel/WHEEL_RUN_REQ,0.72485,0.72485,100.0,0.072485
W_R137,2,Wheel/GND,0.72485,0.72485,100.0,0.072485
W_R90,1,Wheel/DRV_INHA,0.72485,0.72485,100.0,0.072485
W_R90,2,Wheel/GND,0.72485,0.72485,100.0,0.072485
W_R100,1,Wheel/ADC2_MISO_LOCAL,0.72485,0.72485,100.0,0.072485
W_R100,2,Wheel/GND,0.72485,0.72485,100.0,0.072485
M_R134,1,Main/OPT_MOSI,0.72485,0.72485,100.0,0.072485
M_R134,2,Main/GND,0.72485,0.72485,100.0,0.072485
W_R105,1,Wheel/ADC2_SPARE3,0.72485,0.72485,100.0,0.072485
W_R105,2,Wheel/GND,0.72485,0.72485,100.0,0.072485
M_R34,1,Main/USB_OV_3,0.72485,0.72485,100.0,0.072485
M_R34,2,Main/USB_OVLO,0.72485,0.72485,100.0,0.072485
M_R49,1,Main/ACT_DRIVE_EN,0.72485,0.72485,100.0,0.072485
M_R49,2,Main/GND,0.72485,0.72485,100.0,0.072485
M_R32,1,Main/USB_OV_1,0.72485,0.72485,100.0,0.072485
M_R32,2,Main/USB_OV_2,0.72485,0.72485,100.0,0.072485
W_R89,1,Wheel/DRV_FAULT_LOCAL_N,0.72485,0.72485,100.0,0.072485
W_R89,2,Wheel/GND,0.72485,0.72485,100.0,0.072485
M_R75,1,Main/+3V3,0.72485,0.72485,100.0,0.072485
M_R75,2,Main/CS_MA735,0.72485,0.72485,100.0,0.072485
M_R7,1,Main/+3V3,0.72485,0.72485,100.0,0.072485
M_R7,2,Main/ADC_CS,0.72485,0.72485,100.0,0.072485
M_R65,1,Main/VBUS_USB,0.72485,0.72485,100.0,0.072485
M_R65,2,Main/VBUS_GATE,0.72485,0.72485,100.0,0.072485
W_R81,1,Wheel/WHEEL_BUCK_SW,0.72485,0.72485,100.0,0.072485
W_R81,2,Wheel/WHEEL_BUCK_OUT,0.72485,0.72485,100.0,0.072485
M_R23,1,Main/BTN_R_VREF,0.72485,0.72485,100.0,0.072485
M_R23,2,Main/GND,0.72485,0.72485,100.0,0.072485
M_R35,1,Main/USB_OVLO,0.72485,0.72485,100.0,0.072485
M_R35,2,Main/GND,0.72485,0.72485,100.0,0.072485
W_R145,1,Wheel/CS_ADC2,0.72485,0.72485,100.0,0.072485
W_R145,2,Wheel/GND,0.72485,0.72485,100.0,0.072485
M_R59,1,Main/USB_ILM,0.72485,0.72485,100.0,0.072485
M_R59,2,Main/ILM_MED_D,0.72485,0.72485,100.0,0.072485
M_R21,1,Main/BTN_R_IN2,0.72485,0.72485,100.0,0.072485
M_R21,2,Main/GND,0.72485,0.72485,100.0,0.072485
M_R142,1,Main/DRV_MISO_LOCAL,0.72485,0.72485,100.0,0.072485
M_R142,2,Main/GND,0.72485,0.72485,100.0,0.072485
M_R64,1,Main/USB_IMON_BUF,0.72485,0.72485,100.0,0.072485
M_R64,2,Main/USB_IMON_ADC,0.72485,0.72485,100.0,0.072485
M_R31,1,Main/VBUS_USB,0.72485,0.72485,100.0,0.072485
M_R31,2,Main/USB_OV_1,0.72485,0.72485,100.0,0.072485
M_R42,1,Main/ACT_ILM,0.72485,0.72485,100.0,0.072485
M_R42,2,Main/GND,0.72485,0.72485,100.0,0.072485
M_R66,1,Main/VBUS_GATE,0.72485,0.72485,100.0,0.072485
M_R66,2,Main/GND,0.72485,0.72485,100.0,0.072485
M_R69,1,Main/ACT_5V,0.72485,0.72485,100.0,0.072485
M_R69,2,Main/GND,0.72485,0.72485,100.0,0.072485
W_R138,1,Wheel/WHEEL_PWM_A,0.72485,0.72485,100.0,0.072485
W_R138,2,Wheel/GND,0.72485,0.72485,100.0,0.072485
M_R129,1,Main/RGB_DIN,0.72485,0.72485,100.0,0.072485
M_R129,2,Main/GND,0.72485,0.72485,100.0,0.072485
W_R146,1,Wheel/ACT_5V,0.72485,0.72485,100.0,0.072485
W_R146,2,Wheel/GND,0.72485,0.72485,100.0,0.072485
M_R135,1,Main/OPT_3V3,0.72485,0.72485,100.0,0.072485
M_R135,2,Main/OPT_MISO,0.72485,0.72485,100.0,0.072485
M_R57,1,Main/ILM_BASE_1,0.72485,0.72485,100.0,0.072485
M_R57,2,Main/ILM_BASE_2,0.72485,0.72485,100.0,0.072485
M_R8,1,Main/BTN_L_IN1,0.72485,0.72485,100.0,0.072485
M_R8,2,Main/GND,0.72485,0.72485,100.0,0.072485
M_R14,1,Main/BTN_M_IN1,0.72485,0.72485,100.0,0.072485
M_R14,2,Main/GND,0.72485,0.72485,100.0,0.072485
M_R28,1,Main/LOGIC_PG,0.72485,0.72485,100.0,0.072485
M_R28,2,Main/MCU_EN,0.72485,0.72485,100.0,0.072485
M_R43,1,Main/ACT_ILM,0.72485,0.72485,100.0,0.072485
M_R43,2,Main/GND,0.72485,0.72485,100.0,0.072485
M_R53,1,Main/BTN_M_CMD2,0.72485,0.72485,100.0,0.072485
M_R53,2,Main/GND,0.72485,0.72485,100.0,0.072485
M_R128,1,Main/RGB_BUFFER_OUT,0.72485,0.72485,100.0,0.072485
M_R128,2,Main/RGB_DIN,0.72485,0.72485,100.0,0.072485
W_R109,1,Wheel/ADC2_SPARE7,0.72485,0.72485,100.0,0.072485
W_R109,2,Wheel/GND,0.72485,0.72485,100.0,0.072485
M_R3,1,Main/+3V3,0.72485,0.72485,100.0,0.072485
M_R3,2,Main/MCU_EN,0.72485,0.72485,100.0,0.072485
M_R71,1,Main/+3V3,0.72485,0.72485,100.0,0.072485
M_R71,2,Main/VBUS_PRESENT_N,0.72485,0.72485,100.0,0.072485
M_R38,1,Main/ACT_UV_2,0.72485,0.72485,100.0,0.072485
M_R38,2,Main/ACT_UVLO,0.72485,0.72485,100.0,0.072485
W_R98,1,Wheel/DRV_AVDD,0.72485,0.72485,100.0,0.072485
W_R98,2,Wheel/ADC2_CS_LOCAL,0.72485,0.72485,100.0,0.072485
W_R121,1,Wheel/ACT_5V,4.049096,4.049096,100.0,0.40491
W_R121,2,Wheel/BRAKE_DRAIN,4.049096,4.049096,100.0,0.40491
W_R122,1,Wheel/ACT_5V,4.049096,4.049096,100.0,0.40491
W_R122,2,Wheel/BRAKE_DRAIN,4.049096,4.049096,100.0,0.40491
W_R124,1,Wheel/ACT_5V,4.049096,4.049096,100.0,0.40491
W_R124,2,Wheel/BRAKE_DRAIN,4.049096,4.049096,100.0,0.40491
W_R123,1,Wheel/ACT_5V,4.049096,4.049096,100.0,0.40491
W_R123,2,Wheel/BRAKE_DRAIN,4.049096,4.049096,100.0,0.40491
