Reference,Pad,Width_mm,Height_mm,Rectangular_area_ratio_at_0_10mm,Shape,Review
E_C62,1,0.9,0.95,2.3108,4,Rectangular screening pass
E_C62,2,0.9,0.95,2.3108,4,Rectangular screening pass
E_J7,1,0.6,1.55,2.1628,4,Rectangular screening pass
E_J7,2,0.6,1.55,2.1628,4,Rectangular screening pass
E_J7,3,0.6,1.55,2.1628,4,Rectangular screening pass
E_J7,4,0.6,1.55,2.1628,4,Rectangular screening pass
E_J7,5,0.6,1.55,2.1628,4,Rectangular screening pass
E_J7,6,0.6,1.55,2.1628,4,Rectangular screening pass
E_J7,7,0.6,1.55,2.1628,4,Rectangular screening pass
E_J7,8,0.6,1.55,2.1628,4,Rectangular screening pass
E_J7,MP,1.2,1.8,3.6,4,Rectangular screening pass
E_J7,MP,1.2,1.8,3.6,4,Rectangular screening pass
E_U27,1,0.75,0.2,0.7895,5,Rectangular screening pass
E_U27,2,0.7,0.2,0.7778,1,Rectangular screening pass
E_U27,3,0.7,0.2,0.7778,5,Rectangular screening pass
E_U27,4,0.2,0.7,0.7778,5,Rectangular screening pass
E_U27,5,0.2,0.7,0.7778,1,Rectangular screening pass
E_U27,6,0.2,0.7,0.7778,1,Rectangular screening pass
E_U27,7,0.2,0.7,0.7778,5,Rectangular screening pass
E_U27,8,0.7,0.2,0.7778,5,Rectangular screening pass
E_U27,9,0.7,0.2,0.7778,1,Rectangular screening pass
E_U27,10,0.7,0.2,0.7778,5,Rectangular screening pass
E_U27,11,0.2,0.7,0.7778,5,Rectangular screening pass
E_U27,12,0.2,0.7,0.7778,1,Rectangular screening pass
E_U27,13,0.2,0.7,0.7778,1,Rectangular screening pass
E_U27,14,0.2,0.7,0.7778,5,Rectangular screening pass
M_C1,1,1.0,1.45,2.9592,4,Rectangular screening pass
M_C1,2,1.0,1.45,2.9592,4,Rectangular screening pass
M_C10,1,0.9,0.95,2.3108,4,Rectangular screening pass
M_C10,2,0.9,0.95,2.3108,4,Rectangular screening pass
M_C11,1,1.0,1.45,2.9592,4,Rectangular screening pass
M_C11,2,1.0,1.45,2.9592,4,Rectangular screening pass
M_C12,1,0.9,0.95,2.3108,4,Rectangular screening pass
M_C12,2,0.9,0.95,2.3108,4,Rectangular screening pass
M_C13,1,0.9,0.95,2.3108,4,Rectangular screening pass
M_C13,2,0.9,0.95,2.3108,4,Rectangular screening pass
M_C14,1,1.0,1.45,2.9592,4,Rectangular screening pass
M_C14,2,1.0,1.45,2.9592,4,Rectangular screening pass
M_C15,1,0.9,0.95,2.3108,4,Rectangular screening pass
M_C15,2,0.9,0.95,2.3108,4,Rectangular screening pass
M_C16,1,0.9,0.95,2.3108,4,Rectangular screening pass
M_C16,2,0.9,0.95,2.3108,4,Rectangular screening pass
M_C17,1,0.9,0.95,2.3108,4,Rectangular screening pass
M_C17,2,0.9,0.95,2.3108,4,Rectangular screening pass
M_C18,1,0.9,0.95,2.3108,4,Rectangular screening pass
M_C18,2,0.9,0.95,2.3108,4,Rectangular screening pass
M_C19,1,0.9,0.95,2.3108,4,Rectangular screening pass
M_C19,2,0.9,0.95,2.3108,4,Rectangular screening pass
M_C2,1,1.0,1.45,2.9592,4,Rectangular screening pass
M_C2,2,1.0,1.45,2.9592,4,Rectangular screening pass
M_C20,1,0.9,0.95,2.3108,4,Rectangular screening pass
M_C20,2,0.9,0.95,2.3108,4,Rectangular screening pass
M_C21,1,0.9,0.95,2.3108,4,Rectangular screening pass
M_C21,2,0.9,0.95,2.3108,4,Rectangular screening pass
M_C22,1,0.9,0.95,2.3108,4,Rectangular screening pass
M_C22,2,0.9,0.95,2.3108,4,Rectangular screening pass
M_C23,1,1.0,1.45,2.9592,4,Rectangular screening pass
M_C23,2,1.0,1.45,2.9592,4,Rectangular screening pass
M_C24,1,0.9,0.95,2.3108,4,Rectangular screening pass
M_C24,2,0.9,0.95,2.3108,4,Rectangular screening pass
M_C25,1,0.9,0.95,2.3108,4,Rectangular screening pass
M_C25,2,0.9,0.95,2.3108,4,Rectangular screening pass
M_C26,1,0.9,0.95,2.3108,4,Rectangular screening pass
M_C26,2,0.9,0.95,2.3108,4,Rectangular screening pass
M_C27,1,0.9,0.95,2.3108,4,Rectangular screening pass
M_C27,2,0.9,0.95,2.3108,4,Rectangular screening pass
M_C28,1,0.9,0.95,2.3108,4,Rectangular screening pass
M_C28,2,0.9,0.95,2.3108,4,Rectangular screening pass
M_C29,1,0.9,0.95,2.3108,4,Rectangular screening pass
M_C29,2,0.9,0.95,2.3108,4,Rectangular screening pass
M_C3,1,1.0,1.45,2.9592,4,Rectangular screening pass
M_C3,2,1.0,1.45,2.9592,4,Rectangular screening pass
M_C30,1,0.9,0.95,2.3108,4,Rectangular screening pass
M_C30,2,0.9,0.95,2.3108,4,Rectangular screening pass
M_C31,1,0.9,0.95,2.3108,4,Rectangular screening pass
M_C31,2,0.9,0.95,2.3108,4,Rectangular screening pass
M_C32,1,0.9,0.95,2.3108,4,Rectangular screening pass
M_C32,2,0.9,0.95,2.3108,4,Rectangular screening pass
M_C33,1,0.9,0.95,2.3108,4,Rectangular screening pass
M_C33,2,0.9,0.95,2.3108,4,Rectangular screening pass
M_C34,1,0.9,0.95,2.3108,4,Rectangular screening pass
M_C34,2,0.9,0.95,2.3108,4,Rectangular screening pass
M_C35,1,0.9,0.95,2.3108,4,Rectangular screening pass
M_C35,2,0.9,0.95,2.3108,4,Rectangular screening pass
M_C36,1,0.9,0.95,2.3108,4,Rectangular screening pass
M_C36,2,0.9,0.95,2.3108,4,Rectangular screening pass
M_C37,1,1.0,1.45,2.9592,4,Rectangular screening pass
M_C37,2,1.0,1.45,2.9592,4,Rectangular screening pass
M_C38,1,1.0,1.45,2.9592,4,Rectangular screening pass
M_C38,2,1.0,1.45,2.9592,4,Rectangular screening pass
M_C39,1,1.0,1.45,2.9592,4,Rectangular screening pass
M_C39,2,1.0,1.45,2.9592,4,Rectangular screening pass
M_C4,1,0.9,0.95,2.3108,4,Rectangular screening pass
M_C4,2,0.9,0.95,2.3108,4,Rectangular screening pass
M_C40,1,1.0,1.45,2.9592,4,Rectangular screening pass
M_C40,2,1.0,1.45,2.9592,4,Rectangular screening pass
M_C5,1,1.0,1.45,2.9592,4,Rectangular screening pass
M_C5,2,1.0,1.45,2.9592,4,Rectangular screening pass
M_C53,1,0.9,0.95,2.3108,4,Rectangular screening pass
M_C53,2,0.9,0.95,2.3108,4,Rectangular screening pass
M_C55,1,0.9,0.95,2.3108,4,Rectangular screening pass
M_C55,2,0.9,0.95,2.3108,4,Rectangular screening pass
M_C6,1,0.9,0.95,2.3108,4,Rectangular screening pass
M_C6,2,0.9,0.95,2.3108,4,Rectangular screening pass
M_C63,1,0.9,0.95,2.3108,4,Rectangular screening pass
M_C63,2,0.9,0.95,2.3108,4,Rectangular screening pass
M_C64,1,0.9,0.95,2.3108,4,Rectangular screening pass
M_C64,2,0.9,0.95,2.3108,4,Rectangular screening pass
M_C7,1,0.9,0.95,2.3108,4,Rectangular screening pass
M_C7,2,0.9,0.95,2.3108,4,Rectangular screening pass
M_C70,1,0.9,0.95,2.3108,4,Rectangular screening pass
M_C70,2,0.9,0.95,2.3108,4,Rectangular screening pass
M_C71,1,0.9,0.95,2.3108,4,Rectangular screening pass
M_C71,2,0.9,0.95,2.3108,4,Rectangular screening pass
M_C72,1,0.9,0.95,2.3108,4,Rectangular screening pass
M_C72,2,0.9,0.95,2.3108,4,Rectangular screening pass
M_C73,1,1.0,1.45,2.9592,4,Rectangular screening pass
M_C73,2,1.0,1.45,2.9592,4,Rectangular screening pass
M_C74,1,1.0,1.45,2.9592,4,Rectangular screening pass
M_C74,2,1.0,1.45,2.9592,4,Rectangular screening pass
M_C75,1,0.9,0.95,2.3108,4,Rectangular screening pass
M_C75,2,0.9,0.95,2.3108,4,Rectangular screening pass
M_C76,1,0.9,0.95,2.3108,4,Rectangular screening pass
M_C76,2,0.9,0.95,2.3108,4,Rectangular screening pass
M_C77,1,1.0,1.45,2.9592,4,Rectangular screening pass
M_C77,2,1.0,1.45,2.9592,4,Rectangular screening pass
M_C78,1,1.0,1.45,2.9592,4,Rectangular screening pass
M_C78,2,1.0,1.45,2.9592,4,Rectangular screening pass
M_C79,1,0.9,0.95,2.3108,4,Rectangular screening pass
M_C79,2,0.9,0.95,2.3108,4,Rectangular screening pass
M_C8,1,1.0,1.45,2.9592,4,Rectangular screening pass
M_C8,2,1.0,1.45,2.9592,4,Rectangular screening pass
M_C80,1,0.9,0.95,2.3108,4,Rectangular screening pass
M_C80,2,0.9,0.95,2.3108,4,Rectangular screening pass
M_C81,1,0.9,0.95,2.3108,4,Rectangular screening pass
M_C81,2,0.9,0.95,2.3108,4,Rectangular screening pass
M_C82,1,0.9,0.95,2.3108,4,Rectangular screening pass
M_C82,2,0.9,0.95,2.3108,4,Rectangular screening pass
M_C83,1,0.9,0.95,2.3108,4,Rectangular screening pass
M_C83,2,0.9,0.95,2.3108,4,Rectangular screening pass
M_C84,1,0.9,0.95,2.3108,4,Rectangular screening pass
M_C84,2,0.9,0.95,2.3108,4,Rectangular screening pass
M_C85,1,0.9,0.95,2.3108,4,Rectangular screening pass
M_C85,2,0.9,0.95,2.3108,4,Rectangular screening pass
M_C86,1,0.9,0.95,2.3108,4,Rectangular screening pass
M_C86,2,0.9,0.95,2.3108,4,Rectangular screening pass
M_C87,1,0.9,0.95,2.3108,4,Rectangular screening pass
M_C87,2,0.9,0.95,2.3108,4,Rectangular screening pass
M_C88,1,1.0,1.45,2.9592,4,Rectangular screening pass
M_C88,2,1.0,1.45,2.9592,4,Rectangular screening pass
M_C89,1,0.9,0.95,2.3108,4,Rectangular screening pass
M_C89,2,0.9,0.95,2.3108,4,Rectangular screening pass
M_C9,1,0.9,0.95,2.3108,4,Rectangular screening pass
M_C9,2,0.9,0.95,2.3108,4,Rectangular screening pass
M_D1,1,2.5,2.3,5.9896,4,Rectangular screening pass
M_D1,2,2.5,2.3,5.9896,4,Rectangular screening pass
M_D2,1,2.5,2.3,5.9896,4,Rectangular screening pass
M_D2,2,2.5,2.3,5.9896,4,Rectangular screening pass
M_D3,1,1.475,0.6,2.1325,4,Rectangular screening pass
M_D3,2,1.475,0.6,2.1325,4,Rectangular screening pass
M_D3,3,1.475,0.6,2.1325,4,Rectangular screening pass
M_D4,1,1.475,0.6,2.1325,4,Rectangular screening pass
M_D4,2,1.475,0.6,2.1325,4,Rectangular screening pass
M_D4,3,1.475,0.6,2.1325,4,Rectangular screening pass
M_D5,1,0.55,0.55,1.375,1,Rectangular screening pass
M_D5,2,0.55,0.55,1.375,1,Rectangular screening pass
M_D5,3,0.55,0.55,1.375,1,Rectangular screening pass
M_D5,4,0.55,0.55,1.375,1,Rectangular screening pass
M_J1,A1,0.6,1.45,2.122,4,Rectangular screening pass
M_J1,A4,0.6,1.45,2.122,4,Rectangular screening pass
M_J1,A5,0.3,1.45,1.2429,4,Rectangular screening pass
M_J1,A6,0.3,1.45,1.2429,4,Rectangular screening pass
M_J1,A7,0.3,1.45,1.2429,4,Rectangular screening pass
M_J1,A8,0.3,1.45,1.2429,4,Rectangular screening pass
M_J1,A9,0.6,1.45,2.122,4,Rectangular screening pass
M_J1,A12,0.6,1.45,2.122,4,Rectangular screening pass
M_J1,B1,0.6,1.45,2.122,4,Rectangular screening pass
M_J1,B4,0.6,1.45,2.122,4,Rectangular screening pass
M_J1,B5,0.3,1.45,1.2429,4,Rectangular screening pass
M_J1,B6,0.3,1.45,1.2429,4,Rectangular screening pass
M_J1,B7,0.3,1.45,1.2429,4,Rectangular screening pass
M_J1,B8,0.3,1.45,1.2429,4,Rectangular screening pass
M_J1,B9,0.6,1.45,2.122,4,Rectangular screening pass
M_J1,B12,0.6,1.45,2.122,4,Rectangular screening pass
M_J10,,1.8,3.8,6.1071,1,Rectangular screening pass
M_J10,,1.8,3.8,6.1071,1,Rectangular screening pass
M_J10,1,1.0,2.7,3.6486,1,Rectangular screening pass
M_J10,2,1.0,2.7,3.6486,1,Rectangular screening pass
M_J2,1,1.0,5.5,4.2308,4,Rectangular screening pass
M_J2,2,1.0,5.5,4.2308,4,Rectangular screening pass
M_J2,MP,1.6,3.0,5.2174,4,Rectangular screening pass
M_J2,MP,1.6,3.0,5.2174,4,Rectangular screening pass
M_J3,1,1.0,5.5,4.2308,4,Rectangular screening pass
M_J3,2,1.0,5.5,4.2308,4,Rectangular screening pass
M_J3,MP,1.6,3.0,5.2174,4,Rectangular screening pass
M_J3,MP,1.6,3.0,5.2174,4,Rectangular screening pass
M_J4,1,1.0,5.5,4.2308,4,Rectangular screening pass
M_J4,2,1.0,5.5,4.2308,4,Rectangular screening pass
M_J4,MP,1.6,3.0,5.2174,4,Rectangular screening pass
M_J4,MP,1.6,3.0,5.2174,4,Rectangular screening pass
M_J6,1,0.6,1.55,2.1628,4,Rectangular screening pass
M_J6,2,0.6,1.55,2.1628,4,Rectangular screening pass
M_J6,3,0.6,1.55,2.1628,4,Rectangular screening pass
M_J6,4,0.6,1.55,2.1628,4,Rectangular screening pass
M_J6,5,0.6,1.55,2.1628,4,Rectangular screening pass
M_J6,6,0.6,1.55,2.1628,4,Rectangular screening pass
M_J6,7,0.6,1.55,2.1628,4,Rectangular screening pass
M_J6,8,0.6,1.55,2.1628,4,Rectangular screening pass
M_J6,MP,1.2,1.8,3.6,4,Rectangular screening pass
M_J6,MP,1.2,1.8,3.6,4,Rectangular screening pass
M_J8,1,0.3,1.3,1.2187,1,Rectangular screening pass
M_J8,2,0.3,1.3,1.2187,1,Rectangular screening pass
M_J8,3,0.3,1.3,1.2187,1,Rectangular screening pass
M_J8,4,0.3,1.3,1.2187,1,Rectangular screening pass
M_J8,5,0.3,1.3,1.2187,1,Rectangular screening pass
M_J8,6,0.3,1.3,1.2187,1,Rectangular screening pass
M_J8,7,0.3,1.3,1.2187,1,Rectangular screening pass
M_J8,8,0.3,1.3,1.2187,1,Rectangular screening pass
M_J8,9,0.3,1.3,1.2187,1,Rectangular screening pass
M_J8,10,0.3,1.3,1.2187,1,Rectangular screening pass
M_J8,11,0.3,1.3,1.2187,1,Rectangular screening pass
M_J8,12,0.3,1.3,1.2187,1,Rectangular screening pass
M_J8,13,0.3,1.3,1.2187,1,Rectangular screening pass
M_J8,14,0.3,1.3,1.2187,1,Rectangular screening pass
M_J8,15,0.3,1.3,1.2187,1,Rectangular screening pass
M_J8,16,0.3,1.3,1.2187,1,Rectangular screening pass
M_J8,17,0.3,1.3,1.2187,1,Rectangular screening pass
M_J8,18,0.3,1.3,1.2187,1,Rectangular screening pass
M_J8,19,0.3,1.3,1.2187,1,Rectangular screening pass
M_J8,20,0.3,1.3,1.2187,1,Rectangular screening pass
M_J8,21,0.3,1.3,1.2187,1,Rectangular screening pass
M_J8,22,0.3,1.3,1.2187,1,Rectangular screening pass
M_J8,23,0.3,1.3,1.2187,1,Rectangular screening pass
M_J8,24,0.3,1.3,1.2187,1,Rectangular screening pass
M_J8,25,0.3,1.3,1.2187,1,Rectangular screening pass
M_J8,26,0.3,1.3,1.2187,1,Rectangular screening pass
M_J8,27,0.3,1.3,1.2187,1,Rectangular screening pass
M_J8,28,0.3,1.3,1.2187,1,Rectangular screening pass
M_J8,29,0.3,1.3,1.2187,1,Rectangular screening pass
M_J8,30,0.3,1.3,1.2187,1,Rectangular screening pass
M_J8,MP,1.8,2.2,4.95,1,Rectangular screening pass
M_J8,MP,1.8,2.2,4.95,1,Rectangular screening pass
M_L1,1,1.1,3.7,4.2396,4,Rectangular screening pass
M_L1,2,1.1,3.7,4.2396,4,Rectangular screening pass
M_Q1,1,1.475,0.6,2.1325,4,Rectangular screening pass
M_Q1,2,1.475,0.6,2.1325,4,Rectangular screening pass
M_Q1,3,1.475,0.6,2.1325,4,Rectangular screening pass
M_Q2,1,1.475,0.6,2.1325,4,Rectangular screening pass
M_Q2,2,1.475,0.6,2.1325,4,Rectangular screening pass
M_Q2,3,1.475,0.6,2.1325,4,Rectangular screening pass
M_Q3,1,1.475,0.6,2.1325,4,Rectangular screening pass
M_Q3,2,1.475,0.6,2.1325,4,Rectangular screening pass
M_Q3,3,1.475,0.6,2.1325,4,Rectangular screening pass
M_R10,1,0.8,0.95,2.1714,4,Rectangular screening pass
M_R10,2,0.8,0.95,2.1714,4,Rectangular screening pass
M_R101,1,0.8,0.95,2.1714,4,Rectangular screening pass
M_R101,2,0.8,0.95,2.1714,4,Rectangular screening pass
M_R11,1,0.8,0.95,2.1714,4,Rectangular screening pass
M_R11,2,0.8,0.95,2.1714,4,Rectangular screening pass
M_R110,1,0.8,0.95,2.1714,4,Rectangular screening pass
M_R110,2,0.8,0.95,2.1714,4,Rectangular screening pass
M_R12,1,0.8,0.95,2.1714,4,Rectangular screening pass
M_R12,2,0.8,0.95,2.1714,4,Rectangular screening pass
M_R125,1,0.8,0.95,2.1714,4,Rectangular screening pass
M_R125,2,0.8,0.95,2.1714,4,Rectangular screening pass
M_R126,1,0.8,0.95,2.1714,4,Rectangular screening pass
M_R126,2,0.8,0.95,2.1714,4,Rectangular screening pass
M_R127,1,0.8,0.95,2.1714,4,Rectangular screening pass
M_R127,2,0.8,0.95,2.1714,4,Rectangular screening pass
M_R128,1,0.8,0.95,2.1714,4,Rectangular screening pass
M_R128,2,0.8,0.95,2.1714,4,Rectangular screening pass
M_R129,1,0.8,0.95,2.1714,4,Rectangular screening pass
M_R129,2,0.8,0.95,2.1714,4,Rectangular screening pass
M_R130,1,0.8,0.95,2.1714,4,Rectangular screening pass
M_R130,2,0.8,0.95,2.1714,4,Rectangular screening pass
M_R131,1,0.8,0.95,2.1714,4,Rectangular screening pass
M_R131,2,0.8,0.95,2.1714,4,Rectangular screening pass
M_R132,1,0.8,0.95,2.1714,4,Rectangular screening pass
M_R132,2,0.8,0.95,2.1714,4,Rectangular screening pass
M_R133,1,0.8,0.95,2.1714,4,Rectangular screening pass
M_R133,2,0.8,0.95,2.1714,4,Rectangular screening pass
M_R134,1,0.8,0.95,2.1714,4,Rectangular screening pass
M_R134,2,0.8,0.95,2.1714,4,Rectangular screening pass
M_R135,1,0.8,0.95,2.1714,4,Rectangular screening pass
M_R135,2,0.8,0.95,2.1714,4,Rectangular screening pass
M_R136,1,0.8,0.95,2.1714,4,Rectangular screening pass
M_R136,2,0.8,0.95,2.1714,4,Rectangular screening pass
M_R14,1,0.8,0.95,2.1714,4,Rectangular screening pass
M_R14,2,0.8,0.95,2.1714,4,Rectangular screening pass
M_R141,1,0.8,0.95,2.1714,4,Rectangular screening pass
M_R141,2,0.8,0.95,2.1714,4,Rectangular screening pass
M_R142,1,0.8,0.95,2.1714,4,Rectangular screening pass
M_R142,2,0.8,0.95,2.1714,4,Rectangular screening pass
M_R143,1,0.8,0.95,2.1714,4,Rectangular screening pass
M_R143,2,0.8,0.95,2.1714,4,Rectangular screening pass
M_R15,1,0.8,0.95,2.1714,4,Rectangular screening pass
M_R15,2,0.8,0.95,2.1714,4,Rectangular screening pass
M_R16,1,0.8,0.95,2.1714,4,Rectangular screening pass
M_R16,2,0.8,0.95,2.1714,4,Rectangular screening pass
M_R17,1,0.8,0.95,2.1714,4,Rectangular screening pass
M_R17,2,0.8,0.95,2.1714,4,Rectangular screening pass
M_R18,1,0.8,0.95,2.1714,4,Rectangular screening pass
M_R18,2,0.8,0.95,2.1714,4,Rectangular screening pass
M_R20,1,0.8,0.95,2.1714,4,Rectangular screening pass
M_R20,2,0.8,0.95,2.1714,4,Rectangular screening pass
M_R21,1,0.8,0.95,2.1714,4,Rectangular screening pass
M_R21,2,0.8,0.95,2.1714,4,Rectangular screening pass
M_R22,1,0.8,0.95,2.1714,4,Rectangular screening pass
M_R22,2,0.8,0.95,2.1714,4,Rectangular screening pass
M_R23,1,0.8,0.95,2.1714,4,Rectangular screening pass
M_R23,2,0.8,0.95,2.1714,4,Rectangular screening pass
M_R24,1,0.8,0.95,2.1714,4,Rectangular screening pass
M_R24,2,0.8,0.95,2.1714,4,Rectangular screening pass
M_R25,1,0.8,0.95,2.1714,4,Rectangular screening pass
M_R25,2,0.8,0.95,2.1714,4,Rectangular screening pass
M_R26,1,0.8,0.95,2.1714,4,Rectangular screening pass
M_R26,2,0.8,0.95,2.1714,4,Rectangular screening pass
M_R27,1,0.8,0.95,2.1714,4,Rectangular screening pass
M_R27,2,0.8,0.95,2.1714,4,Rectangular screening pass
M_R28,1,0.8,0.95,2.1714,4,Rectangular screening pass
M_R28,2,0.8,0.95,2.1714,4,Rectangular screening pass
M_R29,1,0.8,0.95,2.1714,4,Rectangular screening pass
M_R29,2,0.8,0.95,2.1714,4,Rectangular screening pass
M_R3,1,0.8,0.95,2.1714,4,Rectangular screening pass
M_R3,2,0.8,0.95,2.1714,4,Rectangular screening pass
M_R30,1,0.8,0.95,2.1714,4,Rectangular screening pass
M_R30,2,0.8,0.95,2.1714,4,Rectangular screening pass
M_R31,1,0.8,0.95,2.1714,4,Rectangular screening pass
M_R31,2,0.8,0.95,2.1714,4,Rectangular screening pass
M_R32,1,0.8,0.95,2.1714,4,Rectangular screening pass
M_R32,2,0.8,0.95,2.1714,4,Rectangular screening pass
M_R33,1,0.8,0.95,2.1714,4,Rectangular screening pass
M_R33,2,0.8,0.95,2.1714,4,Rectangular screening pass
M_R34,1,0.8,0.95,2.1714,4,Rectangular screening pass
M_R34,2,0.8,0.95,2.1714,4,Rectangular screening pass
M_R35,1,0.8,0.95,2.1714,4,Rectangular screening pass
M_R35,2,0.8,0.95,2.1714,4,Rectangular screening pass
M_R36,1,0.8,0.95,2.1714,4,Rectangular screening pass
M_R36,2,0.8,0.95,2.1714,4,Rectangular screening pass
M_R37,1,0.8,0.95,2.1714,4,Rectangular screening pass
M_R37,2,0.8,0.95,2.1714,4,Rectangular screening pass
M_R38,1,0.8,0.95,2.1714,4,Rectangular screening pass
M_R38,2,0.8,0.95,2.1714,4,Rectangular screening pass
M_R39,1,0.8,0.95,2.1714,4,Rectangular screening pass
M_R39,2,0.8,0.95,2.1714,4,Rectangular screening pass
M_R4,1,0.8,0.95,2.1714,4,Rectangular screening pass
M_R4,2,0.8,0.95,2.1714,4,Rectangular screening pass
M_R40,1,0.8,0.95,2.1714,4,Rectangular screening pass
M_R40,2,0.8,0.95,2.1714,4,Rectangular screening pass
M_R41,1,0.8,0.95,2.1714,4,Rectangular screening pass
M_R41,2,0.8,0.95,2.1714,4,Rectangular screening pass
M_R42,1,0.8,0.95,2.1714,4,Rectangular screening pass
M_R42,2,0.8,0.95,2.1714,4,Rectangular screening pass
M_R43,1,0.8,0.95,2.1714,4,Rectangular screening pass
M_R43,2,0.8,0.95,2.1714,4,Rectangular screening pass
M_R44,1,0.8,0.95,2.1714,4,Rectangular screening pass
M_R44,2,0.8,0.95,2.1714,4,Rectangular screening pass
M_R45,1,0.8,0.95,2.1714,4,Rectangular screening pass
M_R45,2,0.8,0.95,2.1714,4,Rectangular screening pass
M_R46,1,0.8,0.95,2.1714,4,Rectangular screening pass
M_R46,2,0.8,0.95,2.1714,4,Rectangular screening pass
M_R47,1,0.8,0.95,2.1714,4,Rectangular screening pass
M_R47,2,0.8,0.95,2.1714,4,Rectangular screening pass
M_R48,1,0.8,0.95,2.1714,4,Rectangular screening pass
M_R48,2,0.8,0.95,2.1714,4,Rectangular screening pass
M_R49,1,0.8,0.95,2.1714,4,Rectangular screening pass
M_R49,2,0.8,0.95,2.1714,4,Rectangular screening pass
M_R5,1,0.8,0.95,2.1714,4,Rectangular screening pass
M_R5,2,0.8,0.95,2.1714,4,Rectangular screening pass
M_R50,1,0.8,0.95,2.1714,4,Rectangular screening pass
M_R50,2,0.8,0.95,2.1714,4,Rectangular screening pass
M_R51,1,0.8,0.95,2.1714,4,Rectangular screening pass
M_R51,2,0.8,0.95,2.1714,4,Rectangular screening pass
M_R52,1,0.8,0.95,2.1714,4,Rectangular screening pass
M_R52,2,0.8,0.95,2.1714,4,Rectangular screening pass
M_R53,1,0.8,0.95,2.1714,4,Rectangular screening pass
M_R53,2,0.8,0.95,2.1714,4,Rectangular screening pass
M_R54,1,0.8,0.95,2.1714,4,Rectangular screening pass
M_R54,2,0.8,0.95,2.1714,4,Rectangular screening pass
M_R55,1,0.8,0.95,2.1714,4,Rectangular screening pass
M_R55,2,0.8,0.95,2.1714,4,Rectangular screening pass
M_R56,1,0.8,0.95,2.1714,4,Rectangular screening pass
M_R56,2,0.8,0.95,2.1714,4,Rectangular screening pass
M_R57,1,0.8,0.95,2.1714,4,Rectangular screening pass
M_R57,2,0.8,0.95,2.1714,4,Rectangular screening pass
M_R58,1,0.8,0.95,2.1714,4,Rectangular screening pass
M_R58,2,0.8,0.95,2.1714,4,Rectangular screening pass
M_R59,1,0.8,0.95,2.1714,4,Rectangular screening pass
M_R59,2,0.8,0.95,2.1714,4,Rectangular screening pass
M_R6,1,0.8,0.95,2.1714,4,Rectangular screening pass
M_R6,2,0.8,0.95,2.1714,4,Rectangular screening pass
M_R60,1,0.8,0.95,2.1714,4,Rectangular screening pass
M_R60,2,0.8,0.95,2.1714,4,Rectangular screening pass
M_R61,1,0.8,0.95,2.1714,4,Rectangular screening pass
M_R61,2,0.8,0.95,2.1714,4,Rectangular screening pass
M_R62,1,0.8,0.95,2.1714,4,Rectangular screening pass
M_R62,2,0.8,0.95,2.1714,4,Rectangular screening pass
M_R63,1,0.8,0.95,2.1714,4,Rectangular screening pass
M_R63,2,0.8,0.95,2.1714,4,Rectangular screening pass
M_R64,1,0.8,0.95,2.1714,4,Rectangular screening pass
M_R64,2,0.8,0.95,2.1714,4,Rectangular screening pass
M_R65,1,0.8,0.95,2.1714,4,Rectangular screening pass
M_R65,2,0.8,0.95,2.1714,4,Rectangular screening pass
M_R66,1,0.8,0.95,2.1714,4,Rectangular screening pass
M_R66,2,0.8,0.95,2.1714,4,Rectangular screening pass
M_R67,1,0.8,0.95,2.1714,4,Rectangular screening pass
M_R67,2,0.8,0.95,2.1714,4,Rectangular screening pass
M_R68,1,0.8,0.95,2.1714,4,Rectangular screening pass
M_R68,2,0.8,0.95,2.1714,4,Rectangular screening pass
M_R69,1,0.8,0.95,2.1714,4,Rectangular screening pass
M_R69,2,0.8,0.95,2.1714,4,Rectangular screening pass
M_R7,1,0.8,0.95,2.1714,4,Rectangular screening pass
M_R7,2,0.8,0.95,2.1714,4,Rectangular screening pass
M_R70,1,0.8,0.95,2.1714,4,Rectangular screening pass
M_R70,2,0.8,0.95,2.1714,4,Rectangular screening pass
M_R71,1,0.8,0.95,2.1714,4,Rectangular screening pass
M_R71,2,0.8,0.95,2.1714,4,Rectangular screening pass
M_R72,1,0.8,0.95,2.1714,4,Rectangular screening pass
M_R72,2,0.8,0.95,2.1714,4,Rectangular screening pass
M_R73,1,0.8,0.95,2.1714,4,Rectangular screening pass
M_R73,2,0.8,0.95,2.1714,4,Rectangular screening pass
M_R74,1,0.8,0.95,2.1714,4,Rectangular screening pass
M_R74,2,0.8,0.95,2.1714,4,Rectangular screening pass
M_R75,1,0.8,0.95,2.1714,4,Rectangular screening pass
M_R75,2,0.8,0.95,2.1714,4,Rectangular screening pass
M_R76,1,0.8,0.95,2.1714,4,Rectangular screening pass
M_R76,2,0.8,0.95,2.1714,4,Rectangular screening pass
M_R77,1,0.8,0.95,2.1714,4,Rectangular screening pass
M_R77,2,0.8,0.95,2.1714,4,Rectangular screening pass
M_R78,1,0.8,0.95,2.1714,4,Rectangular screening pass
M_R78,2,0.8,0.95,2.1714,4,Rectangular screening pass
M_R79,1,0.8,0.95,2.1714,4,Rectangular screening pass
M_R79,2,0.8,0.95,2.1714,4,Rectangular screening pass
M_R8,1,0.8,0.95,2.1714,4,Rectangular screening pass
M_R8,2,0.8,0.95,2.1714,4,Rectangular screening pass
M_R80,1,0.8,0.95,2.1714,4,Rectangular screening pass
M_R80,2,0.8,0.95,2.1714,4,Rectangular screening pass
M_R9,1,0.8,0.95,2.1714,4,Rectangular screening pass
M_R9,2,0.8,0.95,2.1714,4,Rectangular screening pass
M_R99,1,0.8,0.95,2.1714,4,Rectangular screening pass
M_R99,2,0.8,0.95,2.1714,4,Rectangular screening pass
M_SW1,1,1.05,2.0,3.4426,4,Rectangular screening pass
M_SW1,2,1.05,2.0,3.4426,4,Rectangular screening pass
M_SW2,1,1.05,2.0,3.4426,4,Rectangular screening pass
M_SW2,2,1.05,2.0,3.4426,4,Rectangular screening pass
M_U1,1,0.3,0.3,0.75,4,Rectangular screening pass
M_U1,2,0.3,0.3,0.75,4,Rectangular screening pass
M_U1,3,0.3,0.3,0.75,4,Rectangular screening pass
M_U10,,0.68,0.68,1.7,4,Rectangular screening pass
M_U10,,0.68,0.68,1.7,4,Rectangular screening pass
M_U10,,0.68,0.68,1.7,4,Rectangular screening pass
M_U10,,0.68,0.68,1.7,4,Rectangular screening pass
M_U10,1,0.835,0.25,0.962,4,Rectangular screening pass
M_U10,2,0.835,0.25,0.962,4,Rectangular screening pass
M_U10,3,0.835,0.25,0.962,4,Rectangular screening pass
M_U10,4,0.835,0.25,0.962,4,Rectangular screening pass
M_U10,5,0.25,0.835,0.962,4,Rectangular screening pass
M_U10,6,0.25,0.835,0.962,4,Rectangular screening pass
M_U10,7,0.25,0.835,0.962,4,Rectangular screening pass
M_U10,8,0.25,0.835,0.962,4,Rectangular screening pass
M_U10,9,0.835,0.25,0.962,4,Rectangular screening pass
M_U10,10,0.835,0.25,0.962,4,Rectangular screening pass
M_U10,11,0.835,0.25,0.962,4,Rectangular screening pass
M_U10,12,0.835,0.25,0.962,4,Rectangular screening pass
M_U10,13,0.25,0.835,0.962,4,Rectangular screening pass
M_U10,14,0.25,0.835,0.962,4,Rectangular screening pass
M_U10,15,0.25,0.835,0.962,4,Rectangular screening pass
M_U10,16,0.25,0.835,0.962,4,Rectangular screening pass
M_U11,1,0.85,0.2,0.8095,4,Rectangular screening pass
M_U11,2,0.85,0.2,0.8095,4,Rectangular screening pass
M_U11,3,0.2,0.65,0.7647,4,Rectangular screening pass
M_U11,4,0.2,0.65,0.7647,4,Rectangular screening pass
M_U11,5,0.2,0.65,0.7647,4,Rectangular screening pass
M_U11,6,0.2,0.65,0.7647,4,Rectangular screening pass
M_U11,7,0.85,0.2,0.8095,4,Rectangular screening pass
M_U11,8,0.85,0.2,0.8095,4,Rectangular screening pass
M_U11,9,0.2,0.65,0.7647,4,Rectangular screening pass
M_U11,10,0.2,0.65,0.7647,4,Rectangular screening pass
M_U11,11,0.2,0.65,0.7647,4,Rectangular screening pass
M_U11,12,0.2,0.65,0.7647,4,Rectangular screening pass
M_U12,,0.6,0.275,0.9429,4,Rectangular screening pass
M_U12,,0.6,0.275,0.9429,4,Rectangular screening pass
M_U12,,0.225,0.65,0.8357,4,Rectangular screening pass
M_U12,,0.225,0.65,0.8357,4,Rectangular screening pass
M_U12,,0.28,1.06,1.1075,4,Rectangular screening pass
M_U12,,0.28,1.06,1.1075,4,Rectangular screening pass
M_U12,,0.28,1.06,1.1075,4,Rectangular screening pass
M_U12,,0.28,1.06,1.1075,4,Rectangular screening pass
M_U12,,0.225,0.65,0.8357,4,Rectangular screening pass
M_U12,,0.225,0.65,0.8357,4,Rectangular screening pass
M_U12,,0.6,0.275,0.9429,4,Rectangular screening pass
M_U12,,0.6,0.275,0.9429,4,Rectangular screening pass
M_U12,2,0.6,0.25,0.8824,4,Rectangular screening pass
M_U12,3,0.6,0.25,0.8824,4,Rectangular screening pass
M_U12,8,0.6,0.25,0.8824,4,Rectangular screening pass
M_U12,9,0.6,0.25,0.8824,4,Rectangular screening pass
M_U13,,0.6,0.275,0.9429,4,Rectangular screening pass
M_U13,,0.6,0.275,0.9429,4,Rectangular screening pass
M_U13,,0.225,0.65,0.8357,4,Rectangular screening pass
M_U13,,0.225,0.65,0.8357,4,Rectangular screening pass
M_U13,,0.28,1.06,1.1075,4,Rectangular screening pass
M_U13,,0.28,1.06,1.1075,4,Rectangular screening pass
M_U13,,0.28,1.06,1.1075,4,Rectangular screening pass
M_U13,,0.28,1.06,1.1075,4,Rectangular screening pass
M_U13,,0.225,0.65,0.8357,4,Rectangular screening pass
M_U13,,0.225,0.65,0.8357,4,Rectangular screening pass
M_U13,,0.6,0.275,0.9429,4,Rectangular screening pass
M_U13,,0.6,0.275,0.9429,4,Rectangular screening pass
M_U13,2,0.6,0.25,0.8824,4,Rectangular screening pass
M_U13,3,0.6,0.25,0.8824,4,Rectangular screening pass
M_U13,8,0.6,0.25,0.8824,4,Rectangular screening pass
M_U13,9,0.6,0.25,0.8824,4,Rectangular screening pass
M_U14,1,1.025,0.35,1.3045,4,Rectangular screening pass
M_U14,2,1.025,0.35,1.3045,4,Rectangular screening pass
M_U14,3,1.025,0.35,1.3045,4,Rectangular screening pass
M_U14,4,1.025,0.35,1.3045,4,Rectangular screening pass
M_U14,5,1.025,0.35,1.3045,4,Rectangular screening pass
M_U14,6,1.025,0.35,1.3045,4,Rectangular screening pass
M_U15,1,1.25,0.35,1.3672,4,Rectangular screening pass
M_U15,2,1.25,0.35,1.3672,4,Rectangular screening pass
M_U15,3,1.25,0.35,1.3672,4,Rectangular screening pass
M_U15,4,1.25,0.35,1.3672,4,Rectangular screening pass
M_U15,5,1.25,0.35,1.3672,4,Rectangular screening pass
M_U15,6,1.25,0.35,1.3672,4,Rectangular screening pass
M_U15,7,1.25,0.35,1.3672,4,Rectangular screening pass
M_U15,8,1.25,0.35,1.3672,4,Rectangular screening pass
M_U16,1,1.475,0.4,1.5733,4,Rectangular screening pass
M_U16,2,1.475,0.4,1.5733,4,Rectangular screening pass
M_U16,3,1.475,0.4,1.5733,4,Rectangular screening pass
M_U16,4,1.475,0.4,1.5733,4,Rectangular screening pass
M_U16,5,1.475,0.4,1.5733,4,Rectangular screening pass
M_U16,6,1.475,0.4,1.5733,4,Rectangular screening pass
M_U16,7,1.475,0.4,1.5733,4,Rectangular screening pass
M_U16,8,1.475,0.4,1.5733,4,Rectangular screening pass
M_U16,9,1.475,0.4,1.5733,4,Rectangular screening pass
M_U16,10,1.475,0.4,1.5733,4,Rectangular screening pass
M_U16,11,1.475,0.4,1.5733,4,Rectangular screening pass
M_U16,12,1.475,0.4,1.5733,4,Rectangular screening pass
M_U16,13,1.475,0.4,1.5733,4,Rectangular screening pass
M_U16,14,1.475,0.4,1.5733,4,Rectangular screening pass
M_U17,1,1.475,0.4,1.5733,4,Rectangular screening pass
M_U17,2,1.475,0.4,1.5733,4,Rectangular screening pass
M_U17,3,1.475,0.4,1.5733,4,Rectangular screening pass
M_U17,4,1.475,0.4,1.5733,4,Rectangular screening pass
M_U17,5,1.475,0.4,1.5733,4,Rectangular screening pass
M_U17,6,1.475,0.4,1.5733,4,Rectangular screening pass
M_U17,7,1.475,0.4,1.5733,4,Rectangular screening pass
M_U17,8,1.475,0.4,1.5733,4,Rectangular screening pass
M_U17,9,1.475,0.4,1.5733,4,Rectangular screening pass
M_U17,10,1.475,0.4,1.5733,4,Rectangular screening pass
M_U17,11,1.475,0.4,1.5733,4,Rectangular screening pass
M_U17,12,1.475,0.4,1.5733,4,Rectangular screening pass
M_U17,13,1.475,0.4,1.5733,4,Rectangular screening pass
M_U17,14,1.475,0.4,1.5733,4,Rectangular screening pass
M_U18,1,1.475,0.4,1.5733,4,Rectangular screening pass
M_U18,2,1.475,0.4,1.5733,4,Rectangular screening pass
M_U18,3,1.475,0.4,1.5733,4,Rectangular screening pass
M_U18,4,1.475,0.4,1.5733,4,Rectangular screening pass
M_U18,5,1.475,0.4,1.5733,4,Rectangular screening pass
M_U18,6,1.475,0.4,1.5733,4,Rectangular screening pass
M_U18,7,1.475,0.4,1.5733,4,Rectangular screening pass
M_U18,8,1.475,0.4,1.5733,4,Rectangular screening pass
M_U18,9,1.475,0.4,1.5733,4,Rectangular screening pass
M_U18,10,1.475,0.4,1.5733,4,Rectangular screening pass
M_U18,11,1.475,0.4,1.5733,4,Rectangular screening pass
M_U18,12,1.475,0.4,1.5733,4,Rectangular screening pass
M_U18,13,1.475,0.4,1.5733,4,Rectangular screening pass
M_U18,14,1.475,0.4,1.5733,4,Rectangular screening pass
M_U19,1,1.325,0.6,2.0649,4,Rectangular screening pass
M_U19,2,1.325,0.6,2.0649,4,Rectangular screening pass
M_U19,3,1.325,0.6,2.0649,4,Rectangular screening pass
M_U19,4,1.325,0.6,2.0649,4,Rectangular screening pass
M_U19,5,1.325,0.6,2.0649,4,Rectangular screening pass
M_U2,,0.73,0.64,1.7051,4,Rectangular screening pass
M_U2,,0.73,0.64,1.7051,4,Rectangular screening pass
M_U2,1,0.6,0.25,0.8824,4,Rectangular screening pass
M_U2,2,0.6,0.25,0.8824,4,Rectangular screening pass
M_U2,3,0.6,0.25,0.8824,4,Rectangular screening pass
M_U2,4,0.6,0.25,0.8824,4,Rectangular screening pass
M_U2,5,0.6,0.25,0.8824,4,Rectangular screening pass
M_U2,6,0.6,0.25,0.8824,4,Rectangular screening pass
M_U2,7,0.6,0.25,0.8824,4,Rectangular screening pass
M_U2,8,0.6,0.25,0.8824,4,Rectangular screening pass
M_U20,1,0.925,0.45,1.5136,4,Rectangular screening pass
M_U20,2,0.925,0.45,1.5136,4,Rectangular screening pass
M_U20,3,0.925,0.45,1.5136,4,Rectangular screening pass
M_U25,1,1.475,0.4,1.5733,4,Rectangular screening pass
M_U25,2,1.475,0.4,1.5733,4,Rectangular screening pass
M_U25,3,1.475,0.4,1.5733,4,Rectangular screening pass
M_U25,4,1.475,0.4,1.5733,4,Rectangular screening pass
M_U25,5,1.475,0.4,1.5733,4,Rectangular screening pass
M_U25,6,1.475,0.4,1.5733,4,Rectangular screening pass
M_U25,7,1.475,0.4,1.5733,4,Rectangular screening pass
M_U25,8,1.475,0.4,1.5733,4,Rectangular screening pass
M_U25,9,1.475,0.4,1.5733,4,Rectangular screening pass
M_U25,10,1.475,0.4,1.5733,4,Rectangular screening pass
M_U25,11,1.475,0.4,1.5733,4,Rectangular screening pass
M_U25,12,1.475,0.4,1.5733,4,Rectangular screening pass
M_U25,13,1.475,0.4,1.5733,4,Rectangular screening pass
M_U25,14,1.475,0.4,1.5733,4,Rectangular screening pass
M_U28,1,1.025,0.35,1.3045,4,Rectangular screening pass
M_U28,2,1.025,0.35,1.3045,4,Rectangular screening pass
M_U28,3,1.025,0.35,1.3045,4,Rectangular screening pass
M_U28,4,1.025,0.35,1.3045,4,Rectangular screening pass
M_U28,5,1.025,0.35,1.3045,4,Rectangular screening pass
M_U28,6,1.025,0.35,1.3045,4,Rectangular screening pass
M_U29,1,1.475,0.4,1.5733,4,Rectangular screening pass
M_U29,2,1.475,0.4,1.5733,4,Rectangular screening pass
M_U29,3,1.475,0.4,1.5733,4,Rectangular screening pass
M_U29,4,1.475,0.4,1.5733,4,Rectangular screening pass
M_U29,5,1.475,0.4,1.5733,4,Rectangular screening pass
M_U29,6,1.475,0.4,1.5733,4,Rectangular screening pass
M_U29,7,1.475,0.4,1.5733,4,Rectangular screening pass
M_U29,8,1.475,0.4,1.5733,4,Rectangular screening pass
M_U29,9,1.475,0.4,1.5733,4,Rectangular screening pass
M_U29,10,1.475,0.4,1.5733,4,Rectangular screening pass
M_U29,11,1.475,0.4,1.5733,4,Rectangular screening pass
M_U29,12,1.475,0.4,1.5733,4,Rectangular screening pass
M_U29,13,1.475,0.4,1.5733,4,Rectangular screening pass
M_U29,14,1.475,0.4,1.5733,4,Rectangular screening pass
M_U3,1,0.8,0.4,1.3333,1,Rectangular screening pass
M_U3,2,0.8,0.4,1.3333,1,Rectangular screening pass
M_U3,3,0.8,0.4,1.3333,1,Rectangular screening pass
M_U3,4,0.8,0.4,1.3333,1,Rectangular screening pass
M_U3,5,0.8,0.4,1.3333,1,Rectangular screening pass
M_U3,6,0.8,0.4,1.3333,1,Rectangular screening pass
M_U3,7,0.8,0.4,1.3333,1,Rectangular screening pass
M_U3,8,0.8,0.4,1.3333,1,Rectangular screening pass
M_U3,9,0.8,0.4,1.3333,1,Rectangular screening pass
M_U3,10,0.8,0.4,1.3333,1,Rectangular screening pass
M_U3,11,0.8,0.4,1.3333,1,Rectangular screening pass
M_U3,12,0.8,0.4,1.3333,1,Rectangular screening pass
M_U3,13,0.8,0.4,1.3333,1,Rectangular screening pass
M_U3,14,0.8,0.4,1.3333,1,Rectangular screening pass
M_U3,15,0.8,0.4,1.3333,1,Rectangular screening pass
M_U3,16,0.8,0.4,1.3333,1,Rectangular screening pass
M_U3,17,0.8,0.4,1.3333,1,Rectangular screening pass
M_U3,18,0.8,0.4,1.3333,1,Rectangular screening pass
M_U3,19,0.8,0.4,1.3333,1,Rectangular screening pass
M_U3,20,0.8,0.4,1.3333,1,Rectangular screening pass
M_U3,21,0.8,0.4,1.3333,1,Rectangular screening pass
M_U3,22,0.8,0.4,1.3333,1,Rectangular screening pass
M_U3,23,0.8,0.4,1.3333,1,Rectangular screening pass
M_U3,24,0.8,0.4,1.3333,1,Rectangular screening pass
M_U3,25,0.8,0.4,1.3333,1,Rectangular screening pass
M_U3,26,0.8,0.4,1.3333,1,Rectangular screening pass
M_U3,27,0.8,0.4,1.3333,1,Rectangular screening pass
M_U3,28,0.8,0.4,1.3333,1,Rectangular screening pass
M_U3,29,0.8,0.4,1.3333,1,Rectangular screening pass
M_U3,30,0.8,0.4,1.3333,1,Rectangular screening pass
M_U3,31,0.8,0.4,1.3333,1,Rectangular screening pass
M_U3,32,0.8,0.4,1.3333,1,Rectangular screening pass
M_U3,33,0.8,0.4,1.3333,1,Rectangular screening pass
M_U3,34,0.8,0.4,1.3333,1,Rectangular screening pass
M_U3,35,0.8,0.4,1.3333,1,Rectangular screening pass
M_U3,36,0.8,0.4,1.3333,1,Rectangular screening pass
M_U3,37,0.8,0.4,1.3333,1,Rectangular screening pass
M_U3,38,0.8,0.4,1.3333,1,Rectangular screening pass
M_U3,39,0.8,0.4,1.3333,1,Rectangular screening pass
M_U3,40,0.8,0.4,1.3333,1,Rectangular screening pass
M_U3,41,0.8,0.4,1.3333,1,Rectangular screening pass
M_U3,42,0.8,0.4,1.3333,1,Rectangular screening pass
M_U3,43,0.8,0.4,1.3333,1,Rectangular screening pass
M_U3,44,0.8,0.4,1.3333,1,Rectangular screening pass
M_U3,45,0.8,0.4,1.3333,1,Rectangular screening pass
M_U3,46,0.8,0.4,1.3333,1,Rectangular screening pass
M_U3,47,0.8,0.4,1.3333,1,Rectangular screening pass
M_U3,48,0.8,0.4,1.3333,1,Rectangular screening pass
M_U3,49,0.8,0.4,1.3333,1,Rectangular screening pass
M_U3,50,0.8,0.4,1.3333,1,Rectangular screening pass
M_U3,51,0.8,0.4,1.3333,1,Rectangular screening pass
M_U3,52,0.8,0.4,1.3333,1,Rectangular screening pass
M_U3,53,0.8,0.4,1.3333,1,Rectangular screening pass
M_U3,54,0.8,0.4,1.3333,1,Rectangular screening pass
M_U3,55,0.8,0.4,1.3333,1,Rectangular screening pass
M_U3,56,0.8,0.4,1.3333,1,Rectangular screening pass
M_U3,57,0.8,0.4,1.3333,1,Rectangular screening pass
M_U3,58,0.8,0.4,1.3333,1,Rectangular screening pass
M_U3,59,0.8,0.4,1.3333,1,Rectangular screening pass
M_U3,60,0.8,0.4,1.3333,1,Rectangular screening pass
M_U3,61,1.2,1.2,3.0,5,Rectangular screening pass
M_U3,61,1.2,1.2,3.0,1,Rectangular screening pass
M_U3,61,1.2,1.2,3.0,1,Rectangular screening pass
M_U3,61,1.2,1.2,3.0,1,Rectangular screening pass
M_U3,61,1.2,1.2,3.0,1,Rectangular screening pass
M_U3,61,1.2,1.2,3.0,1,Rectangular screening pass
M_U3,61,1.2,1.2,3.0,1,Rectangular screening pass
M_U3,61,1.2,1.2,3.0,1,Rectangular screening pass
M_U3,61,1.2,1.2,3.0,1,Rectangular screening pass
M_U3,62,0.8,0.8,2.0,1,Rectangular screening pass
M_U3,63,0.8,0.8,2.0,1,Rectangular screening pass
M_U3,64,0.8,0.8,2.0,1,Rectangular screening pass
M_U3,65,0.8,0.8,2.0,1,Rectangular screening pass
M_U33,1,1.325,0.6,2.0649,4,Rectangular screening pass
M_U33,2,1.325,0.6,2.0649,4,Rectangular screening pass
M_U33,3,1.325,0.6,2.0649,4,Rectangular screening pass
M_U33,4,1.325,0.6,2.0649,4,Rectangular screening pass
M_U33,5,1.325,0.6,2.0649,4,Rectangular screening pass
M_U34,1,1.325,0.6,2.0649,4,Rectangular screening pass
M_U34,2,1.325,0.6,2.0649,4,Rectangular screening pass
M_U34,3,1.325,0.6,2.0649,4,Rectangular screening pass
M_U34,4,1.325,0.6,2.0649,4,Rectangular screening pass
M_U34,5,1.325,0.6,2.0649,4,Rectangular screening pass
M_U36,1,1.325,0.6,2.0649,4,Rectangular screening pass
M_U36,2,1.325,0.6,2.0649,4,Rectangular screening pass
M_U36,3,1.325,0.6,2.0649,4,Rectangular screening pass
M_U36,4,1.325,0.6,2.0649,4,Rectangular screening pass
M_U36,5,1.325,0.6,2.0649,4,Rectangular screening pass
M_U37,1,1.475,0.4,1.5733,4,Rectangular screening pass
M_U37,2,1.475,0.4,1.5733,4,Rectangular screening pass
M_U37,3,1.475,0.4,1.5733,4,Rectangular screening pass
M_U37,4,1.475,0.4,1.5733,4,Rectangular screening pass
M_U37,5,1.475,0.4,1.5733,4,Rectangular screening pass
M_U37,6,1.475,0.4,1.5733,4,Rectangular screening pass
M_U37,7,1.475,0.4,1.5733,4,Rectangular screening pass
M_U37,8,1.475,0.4,1.5733,4,Rectangular screening pass
M_U37,9,1.475,0.4,1.5733,4,Rectangular screening pass
M_U37,10,1.475,0.4,1.5733,4,Rectangular screening pass
M_U37,11,1.475,0.4,1.5733,4,Rectangular screening pass
M_U37,12,1.475,0.4,1.5733,4,Rectangular screening pass
M_U37,13,1.475,0.4,1.5733,4,Rectangular screening pass
M_U37,14,1.475,0.4,1.5733,4,Rectangular screening pass
M_U38,1,1.325,0.6,2.0649,4,Rectangular screening pass
M_U38,2,1.325,0.6,2.0649,4,Rectangular screening pass
M_U38,3,1.325,0.6,2.0649,4,Rectangular screening pass
M_U38,4,1.325,0.6,2.0649,4,Rectangular screening pass
M_U38,5,1.325,0.6,2.0649,4,Rectangular screening pass
M_U38,6,1.325,0.6,2.0649,4,Rectangular screening pass
M_U39,1,1.325,0.6,2.0649,4,Rectangular screening pass
M_U39,2,1.325,0.6,2.0649,4,Rectangular screening pass
M_U39,3,1.325,0.6,2.0649,4,Rectangular screening pass
M_U39,4,1.325,0.6,2.0649,4,Rectangular screening pass
M_U39,5,1.325,0.6,2.0649,4,Rectangular screening pass
M_U4,,0.73,0.64,1.7051,4,Rectangular screening pass
M_U4,,0.73,0.64,1.7051,4,Rectangular screening pass
M_U4,1,0.6,0.25,0.8824,4,Rectangular screening pass
M_U4,2,0.6,0.25,0.8824,4,Rectangular screening pass
M_U4,3,0.6,0.25,0.8824,4,Rectangular screening pass
M_U4,4,0.6,0.25,0.8824,4,Rectangular screening pass
M_U4,5,0.6,0.25,0.8824,4,Rectangular screening pass
M_U4,6,0.6,0.25,0.8824,4,Rectangular screening pass
M_U4,7,0.6,0.25,0.8824,4,Rectangular screening pass
M_U4,8,0.6,0.25,0.8824,4,Rectangular screening pass
M_U5,,0.73,0.64,1.7051,4,Rectangular screening pass
M_U5,,0.73,0.64,1.7051,4,Rectangular screening pass
M_U5,1,0.6,0.25,0.8824,4,Rectangular screening pass
M_U5,2,0.6,0.25,0.8824,4,Rectangular screening pass
M_U5,3,0.6,0.25,0.8824,4,Rectangular screening pass
M_U5,4,0.6,0.25,0.8824,4,Rectangular screening pass
M_U5,5,0.6,0.25,0.8824,4,Rectangular screening pass
M_U5,6,0.6,0.25,0.8824,4,Rectangular screening pass
M_U5,7,0.6,0.25,0.8824,4,Rectangular screening pass
M_U5,8,0.6,0.25,0.8824,4,Rectangular screening pass
M_U6,,0.73,0.64,1.7051,4,Rectangular screening pass
M_U6,,0.73,0.64,1.7051,4,Rectangular screening pass
M_U6,1,0.6,0.25,0.8824,4,Rectangular screening pass
M_U6,2,0.6,0.25,0.8824,4,Rectangular screening pass
M_U6,3,0.6,0.25,0.8824,4,Rectangular screening pass
M_U6,4,0.6,0.25,0.8824,4,Rectangular screening pass
M_U6,5,0.6,0.25,0.8824,4,Rectangular screening pass
M_U6,6,0.6,0.25,0.8824,4,Rectangular screening pass
M_U6,7,0.6,0.25,0.8824,4,Rectangular screening pass
M_U6,8,0.6,0.25,0.8824,4,Rectangular screening pass
M_U7,,0.64,0.48,1.3714,4,Rectangular screening pass
M_U7,1,0.25,0.55,0.8594,4,Rectangular screening pass
M_U7,2,0.25,0.55,0.8594,4,Rectangular screening pass
M_U7,3,0.25,0.55,0.8594,4,Rectangular screening pass
M_U7,4,0.25,0.55,0.8594,4,Rectangular screening pass
M_U8,,0.64,0.48,1.3714,4,Rectangular screening pass
M_U8,1,0.25,0.55,0.8594,4,Rectangular screening pass
M_U8,2,0.25,0.55,0.8594,4,Rectangular screening pass
M_U8,3,0.25,0.55,0.8594,4,Rectangular screening pass
M_U8,4,0.25,0.55,0.8594,4,Rectangular screening pass
M_U9,,0.64,0.48,1.3714,4,Rectangular screening pass
M_U9,1,0.25,0.55,0.8594,4,Rectangular screening pass
M_U9,2,0.25,0.55,0.8594,4,Rectangular screening pass
M_U9,3,0.25,0.55,0.8594,4,Rectangular screening pass
M_U9,4,0.25,0.55,0.8594,4,Rectangular screening pass
W_C41,1,0.9,0.95,2.3108,4,Rectangular screening pass
W_C41,2,0.9,0.95,2.3108,4,Rectangular screening pass
W_C42,1,0.9,0.95,2.3108,4,Rectangular screening pass
W_C42,2,0.9,0.95,2.3108,4,Rectangular screening pass
W_C43,1,0.9,0.95,2.3108,4,Rectangular screening pass
W_C43,2,0.9,0.95,2.3108,4,Rectangular screening pass
W_C44,1,1.0,1.45,2.9592,4,Rectangular screening pass
W_C44,2,1.0,1.45,2.9592,4,Rectangular screening pass
W_C45,1,1.0,1.45,2.9592,4,Rectangular screening pass
W_C45,2,1.0,1.45,2.9592,4,Rectangular screening pass
W_C46,1,0.9,0.95,2.3108,4,Rectangular screening pass
W_C46,2,0.9,0.95,2.3108,4,Rectangular screening pass
W_C47,1,0.9,0.95,2.3108,4,Rectangular screening pass
W_C47,2,0.9,0.95,2.3108,4,Rectangular screening pass
W_C48,1,0.9,0.95,2.3108,4,Rectangular screening pass
W_C48,2,0.9,0.95,2.3108,4,Rectangular screening pass
W_C49,1,0.9,0.95,2.3108,4,Rectangular screening pass
W_C49,2,0.9,0.95,2.3108,4,Rectangular screening pass
W_C50,1,1.0,1.45,2.9592,4,Rectangular screening pass
W_C50,2,1.0,1.45,2.9592,4,Rectangular screening pass
W_C51,1,0.9,0.95,2.3108,4,Rectangular screening pass
W_C51,2,0.9,0.95,2.3108,4,Rectangular screening pass
W_C52,1,0.9,0.95,2.3108,4,Rectangular screening pass
W_C52,2,0.9,0.95,2.3108,4,Rectangular screening pass
W_C54,1,0.9,0.95,2.3108,4,Rectangular screening pass
W_C54,2,0.9,0.95,2.3108,4,Rectangular screening pass
W_C56,1,0.9,0.95,2.3108,4,Rectangular screening pass
W_C56,2,0.9,0.95,2.3108,4,Rectangular screening pass
W_C57,1,0.9,0.95,2.3108,4,Rectangular screening pass
W_C57,2,0.9,0.95,2.3108,4,Rectangular screening pass
W_C58,1,0.9,0.95,2.3108,4,Rectangular screening pass
W_C58,2,0.9,0.95,2.3108,4,Rectangular screening pass
W_C59,1,0.9,0.95,2.3108,4,Rectangular screening pass
W_C59,2,0.9,0.95,2.3108,4,Rectangular screening pass
W_C60,1,0.9,0.95,2.3108,4,Rectangular screening pass
W_C60,2,0.9,0.95,2.3108,4,Rectangular screening pass
W_C61,1,0.9,0.95,2.3108,4,Rectangular screening pass
W_C61,2,0.9,0.95,2.3108,4,Rectangular screening pass
W_C65,1,0.9,0.95,2.3108,4,Rectangular screening pass
W_C65,2,0.9,0.95,2.3108,4,Rectangular screening pass
W_C66,1,0.9,0.95,2.3108,4,Rectangular screening pass
W_C66,2,0.9,0.95,2.3108,4,Rectangular screening pass
W_C67,1,0.9,0.95,2.3108,4,Rectangular screening pass
W_C67,2,0.9,0.95,2.3108,4,Rectangular screening pass
W_C68,1,1.0,1.45,2.9592,4,Rectangular screening pass
W_C68,2,1.0,1.45,2.9592,4,Rectangular screening pass
W_C69,1,1.0,1.45,2.9592,4,Rectangular screening pass
W_C69,2,1.0,1.45,2.9592,4,Rectangular screening pass
W_C90,1,3.5,1.6,5.4902,4,Rectangular screening pass
W_C90,2,3.5,1.6,5.4902,4,Rectangular screening pass
W_D6,1,2.5,2.3,5.9896,4,Rectangular screening pass
W_D6,2,2.5,2.3,5.9896,4,Rectangular screening pass
W_J11,,1.8,3.8,6.1071,1,Rectangular screening pass
W_J11,,1.8,3.8,6.1071,1,Rectangular screening pass
W_J11,1,1.0,2.7,3.6486,1,Rectangular screening pass
W_J11,2,1.0,2.7,3.6486,1,Rectangular screening pass
W_J9,1,0.3,1.3,1.2187,1,Rectangular screening pass
W_J9,2,0.3,1.3,1.2187,1,Rectangular screening pass
W_J9,3,0.3,1.3,1.2187,1,Rectangular screening pass
W_J9,4,0.3,1.3,1.2187,1,Rectangular screening pass
W_J9,5,0.3,1.3,1.2187,1,Rectangular screening pass
W_J9,6,0.3,1.3,1.2187,1,Rectangular screening pass
W_J9,7,0.3,1.3,1.2187,1,Rectangular screening pass
W_J9,8,0.3,1.3,1.2187,1,Rectangular screening pass
W_J9,9,0.3,1.3,1.2187,1,Rectangular screening pass
W_J9,10,0.3,1.3,1.2187,1,Rectangular screening pass
W_J9,11,0.3,1.3,1.2187,1,Rectangular screening pass
W_J9,12,0.3,1.3,1.2187,1,Rectangular screening pass
W_J9,13,0.3,1.3,1.2187,1,Rectangular screening pass
W_J9,14,0.3,1.3,1.2187,1,Rectangular screening pass
W_J9,15,0.3,1.3,1.2187,1,Rectangular screening pass
W_J9,16,0.3,1.3,1.2187,1,Rectangular screening pass
W_J9,17,0.3,1.3,1.2187,1,Rectangular screening pass
W_J9,18,0.3,1.3,1.2187,1,Rectangular screening pass
W_J9,19,0.3,1.3,1.2187,1,Rectangular screening pass
W_J9,20,0.3,1.3,1.2187,1,Rectangular screening pass
W_J9,21,0.3,1.3,1.2187,1,Rectangular screening pass
W_J9,22,0.3,1.3,1.2187,1,Rectangular screening pass
W_J9,23,0.3,1.3,1.2187,1,Rectangular screening pass
W_J9,24,0.3,1.3,1.2187,1,Rectangular screening pass
W_J9,25,0.3,1.3,1.2187,1,Rectangular screening pass
W_J9,26,0.3,1.3,1.2187,1,Rectangular screening pass
W_J9,27,0.3,1.3,1.2187,1,Rectangular screening pass
W_J9,28,0.3,1.3,1.2187,1,Rectangular screening pass
W_J9,29,0.3,1.3,1.2187,1,Rectangular screening pass
W_J9,30,0.3,1.3,1.2187,1,Rectangular screening pass
W_J9,MP,1.8,2.2,4.95,1,Rectangular screening pass
W_J9,MP,1.8,2.2,4.95,1,Rectangular screening pass
W_Q4,1,1.475,0.6,2.1325,4,Rectangular screening pass
W_Q4,2,1.475,0.6,2.1325,4,Rectangular screening pass
W_Q4,3,1.475,0.6,2.1325,4,Rectangular screening pass
W_Q5,1,1.475,0.6,2.1325,4,Rectangular screening pass
W_Q5,2,1.475,0.6,2.1325,4,Rectangular screening pass
W_Q5,3,1.475,0.6,2.1325,4,Rectangular screening pass
W_R100,1,0.8,0.95,2.1714,4,Rectangular screening pass
W_R100,2,0.8,0.95,2.1714,4,Rectangular screening pass
W_R102,1,0.8,0.95,2.1714,4,Rectangular screening pass
W_R102,2,0.8,0.95,2.1714,4,Rectangular screening pass
W_R103,1,0.8,0.95,2.1714,4,Rectangular screening pass
W_R103,2,0.8,0.95,2.1714,4,Rectangular screening pass
W_R104,1,0.8,0.95,2.1714,4,Rectangular screening pass
W_R104,2,0.8,0.95,2.1714,4,Rectangular screening pass
W_R105,1,0.8,0.95,2.1714,4,Rectangular screening pass
W_R105,2,0.8,0.95,2.1714,4,Rectangular screening pass
W_R106,1,0.8,0.95,2.1714,4,Rectangular screening pass
W_R106,2,0.8,0.95,2.1714,4,Rectangular screening pass
W_R107,1,0.8,0.95,2.1714,4,Rectangular screening pass
W_R107,2,0.8,0.95,2.1714,4,Rectangular screening pass
W_R108,1,0.8,0.95,2.1714,4,Rectangular screening pass
W_R108,2,0.8,0.95,2.1714,4,Rectangular screening pass
W_R109,1,0.8,0.95,2.1714,4,Rectangular screening pass
W_R109,2,0.8,0.95,2.1714,4,Rectangular screening pass
W_R111,1,0.8,0.95,2.1714,4,Rectangular screening pass
W_R111,2,0.8,0.95,2.1714,4,Rectangular screening pass
W_R112,1,0.8,0.95,2.1714,4,Rectangular screening pass
W_R112,2,0.8,0.95,2.1714,4,Rectangular screening pass
W_R113,1,0.8,0.95,2.1714,4,Rectangular screening pass
W_R113,2,0.8,0.95,2.1714,4,Rectangular screening pass
W_R114,1,0.8,0.95,2.1714,4,Rectangular screening pass
W_R114,2,0.8,0.95,2.1714,4,Rectangular screening pass
W_R115,1,0.8,0.95,2.1714,4,Rectangular screening pass
W_R115,2,0.8,0.95,2.1714,4,Rectangular screening pass
W_R116,1,0.8,0.95,2.1714,4,Rectangular screening pass
W_R116,2,0.8,0.95,2.1714,4,Rectangular screening pass
W_R117,1,0.8,0.95,2.1714,4,Rectangular screening pass
W_R117,2,0.8,0.95,2.1714,4,Rectangular screening pass
W_R119,1,0.8,0.95,2.1714,4,Rectangular screening pass
W_R119,2,0.8,0.95,2.1714,4,Rectangular screening pass
W_R120,1,0.8,0.95,2.1714,4,Rectangular screening pass
W_R120,2,0.8,0.95,2.1714,4,Rectangular screening pass
W_R121,1,1.225,3.35,4.485,4,Rectangular screening pass
W_R121,2,1.225,3.35,4.485,4,Rectangular screening pass
W_R122,1,1.225,3.35,4.485,4,Rectangular screening pass
W_R122,2,1.225,3.35,4.485,4,Rectangular screening pass
W_R123,1,1.225,3.35,4.485,4,Rectangular screening pass
W_R123,2,1.225,3.35,4.485,4,Rectangular screening pass
W_R124,1,1.225,3.35,4.485,4,Rectangular screening pass
W_R124,2,1.225,3.35,4.485,4,Rectangular screening pass
W_R137,1,0.8,0.95,2.1714,4,Rectangular screening pass
W_R137,2,0.8,0.95,2.1714,4,Rectangular screening pass
W_R138,1,0.8,0.95,2.1714,4,Rectangular screening pass
W_R138,2,0.8,0.95,2.1714,4,Rectangular screening pass
W_R139,1,0.8,0.95,2.1714,4,Rectangular screening pass
W_R139,2,0.8,0.95,2.1714,4,Rectangular screening pass
W_R140,1,0.8,0.95,2.1714,4,Rectangular screening pass
W_R140,2,0.8,0.95,2.1714,4,Rectangular screening pass
W_R144,1,0.8,0.95,2.1714,4,Rectangular screening pass
W_R144,2,0.8,0.95,2.1714,4,Rectangular screening pass
W_R145,1,0.8,0.95,2.1714,4,Rectangular screening pass
W_R145,2,0.8,0.95,2.1714,4,Rectangular screening pass
W_R146,1,0.8,0.95,2.1714,4,Rectangular screening pass
W_R146,2,0.8,0.95,2.1714,4,Rectangular screening pass
W_R81,1,0.8,0.95,2.1714,4,Rectangular screening pass
W_R81,2,0.8,0.95,2.1714,4,Rectangular screening pass
W_R82,1,0.8,0.95,2.1714,4,Rectangular screening pass
W_R82,2,0.8,0.95,2.1714,4,Rectangular screening pass
W_R83,1,0.8,0.95,2.1714,4,Rectangular screening pass
W_R83,2,0.8,0.95,2.1714,4,Rectangular screening pass
W_R84,1,0.8,0.95,2.1714,4,Rectangular screening pass
W_R84,2,0.8,0.95,2.1714,4,Rectangular screening pass
W_R86,1,0.8,0.95,2.1714,4,Rectangular screening pass
W_R86,2,0.8,0.95,2.1714,4,Rectangular screening pass
W_R87,1,0.8,0.95,2.1714,4,Rectangular screening pass
W_R87,2,0.8,0.95,2.1714,4,Rectangular screening pass
W_R88,1,0.8,0.95,2.1714,4,Rectangular screening pass
W_R88,2,0.8,0.95,2.1714,4,Rectangular screening pass
W_R89,1,0.8,0.95,2.1714,4,Rectangular screening pass
W_R89,2,0.8,0.95,2.1714,4,Rectangular screening pass
W_R90,1,0.8,0.95,2.1714,4,Rectangular screening pass
W_R90,2,0.8,0.95,2.1714,4,Rectangular screening pass
W_R91,1,0.8,0.95,2.1714,4,Rectangular screening pass
W_R91,2,0.8,0.95,2.1714,4,Rectangular screening pass
W_R92,1,0.8,0.95,2.1714,4,Rectangular screening pass
W_R92,2,0.8,0.95,2.1714,4,Rectangular screening pass
W_R94,1,0.8,0.95,2.1714,4,Rectangular screening pass
W_R94,2,0.8,0.95,2.1714,4,Rectangular screening pass
W_R95,1,0.8,0.95,2.1714,4,Rectangular screening pass
W_R95,2,0.8,0.95,2.1714,4,Rectangular screening pass
W_R96,1,0.8,0.95,2.1714,4,Rectangular screening pass
W_R96,2,0.8,0.95,2.1714,4,Rectangular screening pass
W_R97,1,0.8,0.95,2.1714,4,Rectangular screening pass
W_R97,2,0.8,0.95,2.1714,4,Rectangular screening pass
W_R98,1,0.8,0.95,2.1714,4,Rectangular screening pass
W_R98,2,0.8,0.95,2.1714,4,Rectangular screening pass
W_U21,,1.05,1.15,2.7443,4,Rectangular screening pass
W_U21,,1.05,1.15,2.7443,4,Rectangular screening pass
W_U21,,1.05,1.15,2.7443,4,Rectangular screening pass
W_U21,,1.05,1.15,2.7443,4,Rectangular screening pass
W_U21,,1.05,1.15,2.7443,4,Rectangular screening pass
W_U21,,1.05,1.15,2.7443,4,Rectangular screening pass
W_U21,,1.05,1.15,2.7443,4,Rectangular screening pass
W_U21,,1.05,1.15,2.7443,4,Rectangular screening pass
W_U21,,1.05,1.15,2.7443,4,Rectangular screening pass
W_U21,,1.05,1.15,2.7443,4,Rectangular screening pass
W_U21,,1.05,1.15,2.7443,4,Rectangular screening pass
W_U21,,1.05,1.15,2.7443,4,Rectangular screening pass
W_U21,1,0.6,0.25,0.8824,4,Rectangular screening pass
W_U21,2,0.6,0.25,0.8824,4,Rectangular screening pass
W_U21,3,0.6,0.25,0.8824,4,Rectangular screening pass
W_U21,4,0.6,0.25,0.8824,4,Rectangular screening pass
W_U21,5,0.6,0.25,0.8824,4,Rectangular screening pass
W_U21,6,0.6,0.25,0.8824,4,Rectangular screening pass
W_U21,7,0.6,0.25,0.8824,4,Rectangular screening pass
W_U21,8,0.6,0.25,0.8824,4,Rectangular screening pass
W_U21,9,0.6,0.25,0.8824,4,Rectangular screening pass
W_U21,10,0.6,0.25,0.8824,4,Rectangular screening pass
W_U21,11,0.6,0.25,0.8824,4,Rectangular screening pass
W_U21,12,0.6,0.25,0.8824,4,Rectangular screening pass
W_U21,13,0.25,0.6,0.8824,4,Rectangular screening pass
W_U21,14,0.25,0.6,0.8824,4,Rectangular screening pass
W_U21,15,0.25,0.6,0.8824,4,Rectangular screening pass
W_U21,16,0.25,0.6,0.8824,4,Rectangular screening pass
W_U21,17,0.25,0.6,0.8824,4,Rectangular screening pass
W_U21,18,0.25,0.6,0.8824,4,Rectangular screening pass
W_U21,19,0.25,0.6,0.8824,4,Rectangular screening pass
W_U21,20,0.25,0.6,0.8824,4,Rectangular screening pass
W_U21,21,0.6,0.25,0.8824,4,Rectangular screening pass
W_U21,22,0.6,0.25,0.8824,4,Rectangular screening pass
W_U21,23,0.6,0.25,0.8824,4,Rectangular screening pass
W_U21,24,0.6,0.25,0.8824,4,Rectangular screening pass
W_U21,25,0.6,0.25,0.8824,4,Rectangular screening pass
W_U21,26,0.6,0.25,0.8824,4,Rectangular screening pass
W_U21,27,0.6,0.25,0.8824,4,Rectangular screening pass
W_U21,28,0.6,0.25,0.8824,4,Rectangular screening pass
W_U21,29,0.6,0.25,0.8824,4,Rectangular screening pass
W_U21,30,0.6,0.25,0.8824,4,Rectangular screening pass
W_U21,31,0.6,0.25,0.8824,4,Rectangular screening pass
W_U21,32,0.6,0.25,0.8824,4,Rectangular screening pass
W_U21,33,0.25,0.6,0.8824,4,Rectangular screening pass
W_U21,34,0.25,0.6,0.8824,4,Rectangular screening pass
W_U21,35,0.25,0.6,0.8824,4,Rectangular screening pass
W_U21,36,0.25,0.6,0.8824,4,Rectangular screening pass
W_U21,37,0.25,0.6,0.8824,4,Rectangular screening pass
W_U21,38,0.25,0.6,0.8824,4,Rectangular screening pass
W_U21,39,0.25,0.6,0.8824,4,Rectangular screening pass
W_U21,40,0.25,0.6,0.8824,4,Rectangular screening pass
W_U22,1,1.475,0.4,1.5733,4,Rectangular screening pass
W_U22,2,1.475,0.4,1.5733,4,Rectangular screening pass
W_U22,3,1.475,0.4,1.5733,4,Rectangular screening pass
W_U22,4,1.475,0.4,1.5733,4,Rectangular screening pass
W_U22,5,1.475,0.4,1.5733,4,Rectangular screening pass
W_U22,6,1.475,0.4,1.5733,4,Rectangular screening pass
W_U22,7,1.475,0.4,1.5733,4,Rectangular screening pass
W_U22,8,1.475,0.4,1.5733,4,Rectangular screening pass
W_U22,9,1.475,0.4,1.5733,4,Rectangular screening pass
W_U22,10,1.475,0.4,1.5733,4,Rectangular screening pass
W_U22,11,1.475,0.4,1.5733,4,Rectangular screening pass
W_U22,12,1.475,0.4,1.5733,4,Rectangular screening pass
W_U22,13,1.475,0.4,1.5733,4,Rectangular screening pass
W_U22,14,1.475,0.4,1.5733,4,Rectangular screening pass
W_U23,,0.68,0.68,1.7,4,Rectangular screening pass
W_U23,,0.68,0.68,1.7,4,Rectangular screening pass
W_U23,,0.68,0.68,1.7,4,Rectangular screening pass
W_U23,,0.68,0.68,1.7,4,Rectangular screening pass
W_U23,1,0.835,0.25,0.962,4,Rectangular screening pass
W_U23,2,0.835,0.25,0.962,4,Rectangular screening pass
W_U23,3,0.835,0.25,0.962,4,Rectangular screening pass
W_U23,4,0.835,0.25,0.962,4,Rectangular screening pass
W_U23,5,0.25,0.835,0.962,4,Rectangular screening pass
W_U23,6,0.25,0.835,0.962,4,Rectangular screening pass
W_U23,7,0.25,0.835,0.962,4,Rectangular screening pass
W_U23,8,0.25,0.835,0.962,4,Rectangular screening pass
W_U23,9,0.835,0.25,0.962,4,Rectangular screening pass
W_U23,10,0.835,0.25,0.962,4,Rectangular screening pass
W_U23,11,0.835,0.25,0.962,4,Rectangular screening pass
W_U23,12,0.835,0.25,0.962,4,Rectangular screening pass
W_U23,13,0.25,0.835,0.962,4,Rectangular screening pass
W_U23,14,0.25,0.835,0.962,4,Rectangular screening pass
W_U23,15,0.25,0.835,0.962,4,Rectangular screening pass
W_U23,16,0.25,0.835,0.962,4,Rectangular screening pass
W_U24,1,1.475,0.4,1.5733,4,Rectangular screening pass
W_U24,2,1.475,0.4,1.5733,4,Rectangular screening pass
W_U24,3,1.475,0.4,1.5733,4,Rectangular screening pass
W_U24,4,1.475,0.4,1.5733,4,Rectangular screening pass
W_U24,5,1.475,0.4,1.5733,4,Rectangular screening pass
W_U24,6,1.475,0.4,1.5733,4,Rectangular screening pass
W_U24,7,1.475,0.4,1.5733,4,Rectangular screening pass
W_U24,8,1.475,0.4,1.5733,4,Rectangular screening pass
W_U24,9,1.475,0.4,1.5733,4,Rectangular screening pass
W_U24,10,1.475,0.4,1.5733,4,Rectangular screening pass
W_U24,11,1.475,0.4,1.5733,4,Rectangular screening pass
W_U24,12,1.475,0.4,1.5733,4,Rectangular screening pass
W_U24,13,1.475,0.4,1.5733,4,Rectangular screening pass
W_U24,14,1.475,0.4,1.5733,4,Rectangular screening pass
W_U26,1,1.475,0.4,1.5733,4,Rectangular screening pass
W_U26,2,1.475,0.4,1.5733,4,Rectangular screening pass
W_U26,3,1.475,0.4,1.5733,4,Rectangular screening pass
W_U26,4,1.475,0.4,1.5733,4,Rectangular screening pass
W_U26,5,1.475,0.4,1.5733,4,Rectangular screening pass
W_U26,6,1.475,0.4,1.5733,4,Rectangular screening pass
W_U26,7,1.475,0.4,1.5733,4,Rectangular screening pass
W_U26,8,1.475,0.4,1.5733,4,Rectangular screening pass
W_U26,9,1.475,0.4,1.5733,4,Rectangular screening pass
W_U26,10,1.475,0.4,1.5733,4,Rectangular screening pass
W_U26,11,1.475,0.4,1.5733,4,Rectangular screening pass
W_U26,12,1.475,0.4,1.5733,4,Rectangular screening pass
W_U26,13,1.475,0.4,1.5733,4,Rectangular screening pass
W_U26,14,1.475,0.4,1.5733,4,Rectangular screening pass
W_U30,1,1.325,0.6,2.0649,4,Rectangular screening pass
W_U30,2,1.325,0.6,2.0649,4,Rectangular screening pass
W_U30,3,1.325,0.6,2.0649,4,Rectangular screening pass
W_U30,4,1.325,0.6,2.0649,4,Rectangular screening pass
W_U30,5,1.325,0.6,2.0649,4,Rectangular screening pass
W_U31,1,1.475,0.6,2.1325,4,Rectangular screening pass
W_U31,2,1.475,0.6,2.1325,4,Rectangular screening pass
W_U31,3,1.475,0.6,2.1325,4,Rectangular screening pass
